Element Count, Merge Sort - Random
10, 2270
11, 2070
12, 2190
13, 2380
14, 2880
15, 2810
16, 2960
17, 3200
18, 3350
19, 3560
20, 3780
21, 4060
22, 4500
23, 4390
24, 5710
25, 4850
26, 5010
27, 5220
28, 5400
29, 5640
30, 5850
31, 6100
32, 6270
33, 6560
34, 6750
35, 6910
36, 7200
37, 7430
38, 7560
39, 10910
40, 10640
41, 10940
42, 11320
43, 11460
44, 11400
45, 9820
46, 10070
47, 10900
48, 10600
49, 10740
50, 10900
51, 11330
52, 11020
53, 11420
54, 11540
55, 11660
56, 12160
57, 12520
58, 12510
59, 12750
60, 12950
61, 13250
62, 13810
63, 13700
64, 13940
65, 14480
66, 14930
67, 15420
68, 15400
69, 15840
70, 15960
71, 16260
72, 16470
73, 16590
74, 16860
75, 17180
76, 17380
77, 17880
78, 17730
79, 18270
80, 18490
81, 18770
82, 18890
83, 19250
84, 19440
85, 19800
86, 24280
87, 21550
88, 21710
89, 22430
90, 21180
91, 22460
92, 21800
93, 23060
94, 22560
95, 22650
96, 23020
97, 23490
98, 23560
99, 24270
100, 24150
101, 25070
102, 24710
103, 24620
104, 24450
105, 25530
106, 25570
107, 25010
108, 26040
109, 25860
110, 26630
111, 27070
112, 26590
113, 27250
114, 27290
115, 27750
116, 28260
117, 27990
118, 28700
119, 29840
120, 29120
121, 29340
122, 29710
123, 29630
124, 30110
125, 30560
126, 30890
127, 30970
128, 32610
129, 35330
130, 33470
131, 42270
132, 36430
133, 34240
134, 117670
135, 63700
136, 33870
137, 32290
138, 34940
139, 35830
140, 36450
141, 36400
142, 37250
143, 47620
144, 37600
145, 37660
146, 38800
147, 37900
148, 38740
149, 38800
150, 42880
151, 44800
152, 39670
153, 39900
154, 39750
155, 40200
156, 41080
157, 41570
158, 41780
159, 41340
160, 41810
161, 42810
162, 42450
163, 43100
164, 44640
165, 43980
166, 43630
167, 44220
168, 44870
169, 45100
170, 44510
171, 46810
172, 47260
173, 47380
174, 49420
175, 48010
176, 47610
177, 52670
178, 54850
179, 50850
180, 50010
181, 49470
182, 49110
183, 50460
184, 49280
185, 50010
186, 50990
187, 50670
188, 51180
189, 55360
190, 51530
191, 51660
192, 52580
193, 52400
194, 53330
195, 53220
196, 54790
197, 54750
198, 53440
199, 54190
200, 55690
201, 55480
202, 56340
203, 59240
204, 56420
205, 58010
206, 56220
207, 57270
208, 56750
209, 57130
210, 57290
211, 58910
212, 56830
213, 59370
214, 58380
215, 57930
216, 59200
217, 60610
218, 59650
219, 59730
220, 59700
221, 60830
222, 60720
223, 62110
224, 60690
225, 69840
226, 66010
227, 62020
228, 63050
229, 73250
230, 74690
231, 88770
232, 94520
233, 65230
234, 61920
235, 78380
236, 65420
237, 65480
238, 67370
239, 74040
240, 69540
241, 69310
242, 69230
243, 66340
244, 69630
245, 72170
246, 69170
247, 86310
248, 73550
249, 71190
250, 74230
251, 70490
252, 70840
253, 71060
254, 71060
255, 70960
256, 71170
257, 73680
258, 76630
259, 78270
260, 77020
261, 88430
262, 91550
263, 93130
264, 72220
265, 71180
266, 78500
267, 74560
268, 77450
269, 75900
270, 74580
271, 74770
272, 77360
273, 78620
274, 76890
275, 85730
276, 85220
277, 81640
278, 90920
279, 84370
280, 79150
281, 78370
282, 78940
283, 77290
284, 79520
285, 78750
286, 81700
287, 81710
288, 79340
289, 83610
290, 83730
291, 90440
292, 88730
293, 88420
294, 143960
295, 92990
296, 83580
297, 82200
298, 84290
299, 82900
300, 94520
301, 89570
302, 85470
303, 86930
304, 85620
305, 87670
306, 94460
307, 98300
308, 92840
309, 98110
310, 93420
311, 90220
312, 91060
313, 98520
314, 90940
315, 91600
316, 90950
317, 91880
318, 91570
319, 92310
320, 105430
321, 98930
322, 106300
323, 99100
324, 101980
325, 96030
326, 93380
327, 94970
328, 94030
329, 93830
330, 95560
331, 93160
332, 95650
333, 99220
334, 101700
335, 103650
336, 105480
337, 120820
338, 124780
339, 145490
340, 140690
341, 143760
342, 141900
343, 141740
344, 144900
345, 139620
346, 156590
347, 129370
348, 123220
349, 132570
350, 107670
351, 96990
352, 98840
353, 99060
354, 97650
355, 101410
356, 103640
357, 120650
358, 137620
359, 120520
360, 112500
361, 106910
362, 105340
363, 101910
364, 100860
365, 100710
366, 104160
367, 103180
368, 101760
369, 103890
370, 113740
371, 104330
372, 113220
373, 110550
374, 113150
375, 112720
376, 110040
377, 108050
378, 110870
379, 111140
380, 110580
381, 115750
382, 120100
383, 116440
384, 115940
385, 124420
386, 115800
387, 113810
388, 114850
389, 115100
390, 113850
391, 114110
392, 115490
393, 118520
394, 118970
395, 126930
396, 125580
397, 121980
398, 122380
399, 123140
400, 120860
401, 119670
402, 117440
403, 118630
404, 120010
405, 116430
406, 121820
407, 126420
408, 129430
409, 125030
410, 132940
411, 127860
412, 124790
413, 121980
414, 123780
415, 123200
416, 124310
417, 123990
418, 125650
419, 125900
420, 125610
421, 125880
422, 132040
423, 126090
424, 127000
425, 126450
426, 136680
427, 136330
428, 139850
429, 128160
430, 128800
431, 127540
432, 127010
433, 128310
434, 128630
435, 127660
436, 127020
437, 130200
438, 129100
439, 130440
440, 130230
441, 129430
442, 138510
443, 146490
444, 138280
445, 137030
446, 132530
447, 133180
448, 132710
449, 134040
450, 137130
451, 134230
452, 133770
453, 138120
454, 136730
455, 136770
456, 150180
457, 131430
458, 128680
459, 130630
460, 132260
461, 131700
462, 130490
463, 130240
464, 129850
465, 130740
466, 132350
467, 132890
468, 139940
469, 148030
470, 137660
471, 134550
472, 133790
473, 134030
474, 137030
475, 139990
476, 133420
477, 136460
478, 141340
479, 142860
480, 144940
481, 141190
482, 139500
483, 169700
484, 208130
485, 208090
486, 207700
487, 200750
488, 205120
489, 202820
490, 187770
491, 146820
492, 138370
493, 139760
494, 139180
495, 144090
496, 142350
497, 145300
498, 142590
499, 141070
500, 141940
501, 143230
502, 141440
503, 144410
504, 154160
505, 151320
506, 149780
507, 146240
508, 144120
509, 145680
510, 145510
511, 150140
512, 146070
513, 154050
514, 159020
515, 150710
516, 148430
517, 148390
518, 147060
519, 147030
520, 147800
521, 147840
522, 154560
523, 160100
524, 166530
525, 153510
526, 151390
527, 150370
528, 150120
529, 152110
530, 151280
531, 155530
532, 158630
533, 161060
534, 165470
535, 158760
536, 153760
537, 155250
538, 153910
539, 160360
540, 155220
541, 166420
542, 167600
543, 169560
544, 167340
545, 165290
546, 165490
547, 157750
548, 156670
549, 157660
550, 158470
551, 174890
552, 161010
553, 160020
554, 170400
555, 160160
556, 159160
557, 160160
558, 164590
559, 198200
560, 169930
561, 162690
562, 171040
563, 170000
564, 163040
565, 161730
566, 165030
567, 186570
568, 169080
569, 176250
570, 165380
571, 181690
572, 176780
573, 167140
574, 165450
575, 166920
576, 168710
577, 167200
578, 166950
579, 189850
580, 190140
581, 168460
582, 187230
583, 210840
584, 186350
585, 180570
586, 198230
587, 192290
588, 181890
589, 178910
590, 186260
591, 191740
592, 181280
593, 187930
594, 199320
595, 189900
596, 181860
597, 183630
598, 224860
599, 184270
600, 183910
601, 203470
602, 192090
603, 187220
604, 185900
605, 195950
606, 201120
607, 187930
608, 196210
609, 200590
610, 191540
611, 187850
612, 199750
613, 210030
614, 189700
615, 190420
616, 189710
617, 193410
618, 197710
619, 212890
620, 213230
621, 192990
622, 193770
623, 208200
624, 198890
625, 193750
626, 196910
627, 208820
628, 193220
629, 199180
630, 204730
631, 206160
632, 201970
633, 216630
634, 208340
635, 195260
636, 210910
637, 210160
638, 205890
639, 196980
640, 210230
641, 214290
642, 199200
643, 211310
644, 210170
645, 199140
646, 199090
647, 210850
648, 193730
649, 192020
650, 200490
651, 202110
652, 201440
653, 195080
654, 228680
655, 218170
656, 222860
657, 290380
658, 199960
659, 222660
660, 217940
661, 210600
662, 212270
663, 218290
664, 221990
665, 209670
666, 209790
667, 217280
668, 207970
669, 218230
670, 225490
671, 221370
672, 215530
673, 232080
674, 214960
675, 213770
676, 239510
677, 215520
678, 211010
679, 217620
680, 221190
681, 212610
682, 229350
683, 225460
684, 212260
685, 214640
686, 219260
687, 215080
688, 220900
689, 235040
690, 221270
691, 217350
692, 221810
693, 218950
694, 220130
695, 217440
696, 218680
697, 229960
698, 260590
699, 237480
700, 230650
701, 219550
702, 220720
703, 236580
704, 233720
705, 235120
706, 223470
707, 224660
708, 240280
709, 229950
710, 225450
711, 227090
712, 224310
713, 243410
714, 233710
715, 229540
716, 226030
717, 270040
718, 215540
719, 251500
720, 263750
721, 242790
722, 231960
723, 235360
724, 229960
725, 253380
726, 241390
727, 229640
728, 231350
729, 240210
730, 235500
731, 263930
732, 238540
733, 231840
734, 232630
735, 254320
736, 286000
737, 264710
738, 258700
739, 275330
740, 315110
741, 335590
742, 389650
743, 313730
744, 301690
745, 293920
746, 288900
747, 310100
748, 287390
749, 334100
750, 379930
751, 385690
752, 330350
753, 348950
754, 353370
755, 306520
756, 314810
757, 466400
758, 351580
759, 279320
760, 273360
761, 312330
762, 273300
763, 263510
764, 306240
765, 283440
766, 376340
767, 384670
768, 430890
769, 400170
770, 320310
771, 305910
772, 267880
773, 259930
774, 260720
775, 283800
776, 301110
777, 299020
778, 272660
779, 296710
780, 324490
781, 302840
782, 349490
783, 308510
784, 428230
785, 392690
786, 419840
787, 404730
788, 351710
789, 328870
790, 323160
791, 398620
792, 308980
793, 330490
794, 292950
795, 323220
796, 291720
797, 331260
798, 310920
799, 285060
800, 306850
801, 311470
802, 278910
803, 275110
804, 310150
805, 317450
806, 281020
807, 280840
808, 275710
809, 285030
810, 341070
811, 314680
812, 315330
813, 305940
814, 314650
815, 349390
816, 413690
817, 335420
818, 359840
819, 355200
820, 319620
821, 302580
822, 315060
823, 322690
824, 297190
825, 278460
826, 298670
827, 303460
828, 297130
829, 271100
830, 274930
831, 278230
832, 314150
833, 289560
834, 352970
835, 371300
836, 394440
837, 345740
838, 315170
839, 315840
840, 318500
841, 316280
842, 288680
843, 279580
844, 278950
845, 283930
846, 297180
847, 285160
848, 279180
849, 278670
850, 289460
851, 285590
852, 271800
853, 275210
854, 295920
855, 317750
856, 285280
857, 276540
858, 277990
859, 273260
860, 305660
861, 276290
862, 280970
863, 273790
864, 285600
865, 343450
866, 286860
867, 280280
868, 277500
869, 288340
870, 299220
871, 277690
872, 276550
873, 280630
874, 291830
875, 288980
876, 278430
877, 294920
878, 291820
879, 297550
880, 294880
881, 288460
882, 284190
883, 281790
884, 293750
885, 316190
886, 291220
887, 285610
888, 282240
889, 316100
890, 298080
891, 291030
892, 285940
893, 305520
894, 339840
895, 292900
896, 296940
897, 280250
898, 307220
899, 325410
900, 318290
901, 327990
902, 314060
903, 333870
904, 302300
905, 309070
906, 320310
907, 299530
908, 290920
909, 293760
910, 315120
911, 292910
912, 301300
913, 301080
914, 310620
915, 328010
916, 296450
917, 293780
918, 312710
919, 306620
920, 324720
921, 341650
922, 317160
923, 318600
924, 314560
925, 313170
926, 329010
927, 302540
928, 332370
929, 301550
930, 315880
931, 295500
932, 324040
933, 314140
934, 299150
935, 313180
936, 303610
937, 334750
938, 307200
939, 317290
940, 303340
941, 326120
942, 320570
943, 303300
944, 304980
945, 320260
946, 302370
947, 321000
948, 353830
949, 326460
950, 309550
951, 323950
952, 323650
953, 335500
954, 310440
955, 331770
956, 322850
957, 334310
958, 310660
959, 339850
960, 310410
961, 315480
962, 319470
963, 328780
964, 331390
965, 310820
966, 317560
967, 313890
968, 346360
969, 321790
970, 321530
971, 313600
972, 313980
973, 316310
974, 317400
975, 316520
976, 315630
977, 314890
978, 314100
979, 325910
980, 314380
981, 313970
982, 314790
983, 321300
984, 315470
985, 315860
986, 317010
987, 314220
988, 322900
989, 317250
990, 318490
991, 317970
992, 321890
993, 304970
994, 302940
995, 305840
996, 314660
997, 310200
998, 307630
999, 308940
