Element Count, Merge Sort - Ascending
10, 3600
11, 2330
12, 2500
13, 2600
14, 2940
15, 3090
16, 3320
17, 3560
18, 3740
19, 3880
20, 4010
21, 4330
22, 4500
23, 4780
24, 4970
25, 5230
26, 9320
27, 5710
28, 5900
29, 6610
30, 6540
31, 6670
32, 6820
33, 7150
34, 7620
35, 8510
36, 9630
37, 8030
38, 7940
39, 8230
40, 8450
41, 8780
42, 8930
43, 9270
44, 9380
45, 9760
46, 10500
47, 10190
48, 10310
49, 11440
50, 11370
51, 11500
52, 11780
53, 12330
54, 13290
55, 13120
56, 12800
57, 13950
58, 13380
59, 14000
60, 13600
61, 14220
62, 14400
63, 14580
64, 14740
65, 18160
66, 15160
67, 15380
68, 15650
69, 15830
70, 16380
71, 16280
72, 16770
73, 18510
74, 18590
75, 18610
76, 20160
77, 20130
78, 20830
79, 22340
80, 20610
81, 20050
82, 20510
83, 20610
84, 23260
85, 20880
86, 20850
87, 21380
88, 21310
89, 21840
90, 33280
91, 25770
92, 28540
93, 24590
94, 23080
95, 23370
96, 24010
97, 23970
98, 24140
99, 24330
100, 25110
101, 24410
102, 25300
103, 25130
104, 25380
105, 26490
106, 25670
107, 25740
108, 26050
109, 26220
110, 26490
111, 27000
112, 26480
113, 26880
114, 28050
115, 30300
116, 28000
117, 31690
118, 31170
119, 32860
120, 33010
121, 34220
122, 34350
123, 34380
124, 32560
125, 33190
126, 36530
127, 32850
128, 32560
129, 33310
130, 32270
131, 32790
132, 32310
133, 33180
134, 35900
135, 35790
136, 33520
137, 34200
138, 34370
139, 34940
140, 33900
141, 34560
142, 35200
143, 35650
144, 35350
145, 37290
146, 39360
147, 38700
148, 39690
149, 43050
150, 46750
151, 45350
152, 44030
153, 44120
154, 55320
155, 58010
156, 54810
157, 42530
158, 45930
159, 44530
160, 43580
161, 41730
162, 43670
163, 43330
164, 43980
165, 44900
166, 44640
167, 44300
168, 43930
169, 44930
170, 44040
171, 44860
172, 45060
173, 45520
174, 46970
175, 49270
176, 47260
177, 48690
178, 50100
179, 48150
180, 57300
181, 63700
182, 49960
183, 48340
184, 48240
185, 49080
186, 49170
187, 49430
188, 53700
189, 50100
190, 59930
191, 49030
192, 48670
193, 49060
194, 49050
195, 50830
196, 51340
197, 52760
198, 56240
199, 55180
200, 55880
201, 59360
202, 65380
203, 57650
204, 53450
205, 52010
206, 51830
207, 51620
208, 51430
209, 53490
210, 53410
211, 55850
212, 58660
213, 58580
214, 58930
215, 59310
216, 59620
217, 59430
218, 59870
219, 59060
220, 58210
221, 58610
222, 59790
223, 69650
224, 58360
225, 59940
226, 58340
227, 59180
228, 59260
229, 59280
230, 59120
231, 58140
232, 58360
233, 58610
234, 58600
235, 59210
236, 58360
237, 59590
238, 59490
239, 60360
240, 61190
241, 66010
242, 74420
243, 70780
244, 92140
245, 91240
246, 83570
247, 67250
248, 84400
249, 77500
250, 64260
251, 66670
252, 69850
253, 69600
254, 78590
255, 79660
256, 86110
257, 83230
258, 91120
259, 82680
260, 81600
261, 86190
262, 84870
263, 77780
264, 77330
265, 76600
266, 77950
267, 75080
268, 74600
269, 75610
270, 74740
271, 80350
272, 79980
273, 86430
274, 82850
275, 74580
276, 73610
277, 79820
278, 74150
279, 73500
280, 75280
281, 77720
282, 72290
283, 73000
284, 72060
285, 73100
286, 75550
287, 80600
288, 80190
289, 77210
290, 76120
291, 74790
292, 73520
293, 74390
294, 74060
295, 74830
296, 80470
297, 81010
298, 76970
299, 76380
300, 76730
301, 76320
302, 76430
303, 79420
304, 82520
305, 81070
306, 84340
307, 84570
308, 81110
309, 78410
310, 78780
311, 85220
312, 81660
313, 83440
314, 80340
315, 80140
316, 79970
317, 81190
318, 93830
319, 87200
320, 94270
321, 93090
322, 100720
323, 85090
324, 84110
325, 108900
326, 86690
327, 85350
328, 85410
329, 85590
330, 86910
331, 89570
332, 93420
333, 91760
334, 95080
335, 98600
336, 89200
337, 88130
338, 90670
339, 87500
340, 90250
341, 88180
342, 89760
343, 88300
344, 89150
345, 99760
346, 97980
347, 104260
348, 106720
349, 106600
350, 108950
351, 104980
352, 104960
353, 105840
354, 108960
355, 108070
356, 103780
357, 104510
358, 105030
359, 106800
360, 104390
361, 113640
362, 101110
363, 95190
364, 97920
365, 98790
366, 93580
367, 94630
368, 94390
369, 112380
370, 108200
371, 109810
372, 105650
373, 104730
374, 97890
375, 99520
376, 99620
377, 100570
378, 99380
379, 98830
380, 99270
381, 105330
382, 105280
383, 109100
384, 119050
385, 102800
386, 102490
387, 101800
388, 102810
389, 109200
390, 102520
391, 103760
392, 104460
393, 106690
394, 108620
395, 119700
396, 136600
397, 127350
398, 123960
399, 125520
400, 121310
401, 119250
402, 117120
403, 117030
404, 124170
405, 133880
406, 125850
407, 124240
408, 119850
409, 129320
410, 113860
411, 113340
412, 111860
413, 110750
414, 110100
415, 108870
416, 109440
417, 110590
418, 109950
419, 113630
420, 111360
421, 111960
422, 109720
423, 113750
424, 111160
425, 111660
426, 126630
427, 122280
428, 125300
429, 124050
430, 115830
431, 114330
432, 112880
433, 114150
434, 114150
435, 115050
436, 117880
437, 121940
438, 124910
439, 130360
440, 131810
441, 117310
442, 116740
443, 117650
444, 117490
445, 117460
446, 119790
447, 122400
448, 124630
449, 128640
450, 127410
451, 118220
452, 117720
453, 117680
454, 117810
455, 120650
456, 118960
457, 118480
458, 128460
459, 127670
460, 131410
461, 129190
462, 122210
463, 120860
464, 122720
465, 122750
466, 123750
467, 130120
468, 123520
469, 144220
470, 143150
471, 135090
472, 126910
473, 124910
474, 124730
475, 124220
476, 127360
477, 140850
478, 138660
479, 132620
480, 125060
481, 125340
482, 126400
483, 127910
484, 128280
485, 128250
486, 126440
487, 132310
488, 159360
489, 137770
490, 137250
491, 134720
492, 132240
493, 134590
494, 128360
495, 128850
496, 145500
497, 133700
498, 131110
499, 131940
500, 131460
501, 131250
502, 131660
503, 132110
504, 131850
505, 137100
506, 150110
507, 146790
508, 134190
509, 132230
510, 134040
511, 141440
512, 134620
513, 137240
514, 141710
515, 143330
516, 148230
517, 167580
518, 149210
519, 137210
520, 138290
521, 137890
522, 138620
523, 148910
524, 147790
525, 148770
526, 139580
527, 139300
528, 139580
529, 140280
530, 139830
531, 139750
532, 152460
533, 153750
534, 155010
535, 140700
536, 140350
537, 140530
538, 142430
539, 141340
540, 141480
541, 147910
542, 175030
543, 160690
544, 152820
545, 148670
546, 146000
547, 144140
548, 144260
549, 144150
550, 152740
551, 148050
552, 144840
553, 146550
554, 146190
555, 148100
556, 146430
557, 150750
558, 150680
559, 155460
560, 158570
561, 161070
562, 164610
563, 155350
564, 152670
565, 161330
566, 150780
567, 151380
568, 151060
569, 150640
570, 151060
571, 151680
572, 152120
573, 154590
574, 163970
575, 164500
576, 157590
577, 157780
578, 154310
579, 155360
580, 162180
581, 156710
582, 160140
583, 164790
584, 179690
585, 167370
586, 156030
587, 157150
588, 156480
589, 156310
590, 167900
591, 174380
592, 174510
593, 158810
594, 157920
595, 159320
596, 162640
597, 161250
598, 168720
599, 175000
600, 174850
601, 168310
602, 162470
603, 162420
604, 160920
605, 165410
606, 184240
607, 189920
608, 162800
609, 162350
610, 164810
611, 164310
612, 162620
613, 165940
614, 181460
615, 183850
616, 166480
617, 165440
618, 174910
619, 173310
620, 166290
621, 174670
622, 171810
623, 165280
624, 165410
625, 167630
626, 168320
627, 166610
628, 218030
629, 183400
630, 173280
631, 193690
632, 181840
633, 179240
634, 176450
635, 179830
636, 183430
637, 177490
638, 177230
639, 178340
640, 170770
641, 181570
642, 182190
643, 184500
644, 181180
645, 185230
646, 176330
647, 173580
648, 179780
649, 174480
650, 180170
651, 176700
652, 174220
653, 175450
654, 178200
655, 176120
656, 176520
657, 179140
658, 176600
659, 192990
660, 187690
661, 183260
662, 179420
663, 178430
664, 200210
665, 179940
666, 179430
667, 181470
668, 181730
669, 181530
670, 182790
671, 190590
672, 200280
673, 277330
674, 198080
675, 189550
676, 186070
677, 213790
678, 203520
679, 184330
680, 187530
681, 185630
682, 184610
683, 202700
684, 214520
685, 207750
686, 194220
687, 189420
688, 186670
689, 186520
690, 197690
691, 187000
692, 186560
693, 187170
694, 190080
695, 188460
696, 188620
697, 208950
698, 211810
699, 228670
700, 233790
701, 203280
702, 197870
703, 193500
704, 189040
705, 191060
706, 196930
707, 190640
708, 191660
709, 198780
710, 231080
711, 212580
712, 206380
713, 194920
714, 193820
715, 196080
716, 203850
717, 196410
718, 194980
719, 196830
720, 194980
721, 197930
722, 217560
723, 228500
724, 223980
725, 203750
726, 196850
727, 196660
728, 204580
729, 201650
730, 197710
731, 199700
732, 208290
733, 218280
734, 239750
735, 241590
736, 240240
737, 254630
738, 235480
739, 219990
740, 227310
741, 219960
742, 213830
743, 206190
744, 210260
745, 209090
746, 213820
747, 217110
748, 221450
749, 215260
750, 205390
751, 209050
752, 231010
753, 207280
754, 207320
755, 212750
756, 207700
757, 207620
758, 229200
759, 227420
760, 210190
761, 210110
762, 208250
763, 210380
764, 225600
765, 228290
766, 210390
767, 209070
768, 211400
769, 216770
770, 219340
771, 226730
772, 227720
773, 218750
774, 218710
775, 217170
776, 215330
777, 214320
778, 213310
779, 213540
780, 213320
781, 214050
782, 216100
783, 232620
784, 221730
785, 214650
786, 227190
787, 222220
788, 217360
789, 216720
790, 218240
791, 216390
792, 221160
793, 217390
794, 233170
795, 225620
796, 219900
797, 222550
798, 217540
799, 220230
800, 217630
801, 219890
802, 229840
803, 231220
804, 219310
805, 218600
806, 239660
807, 226550
808, 234580
809, 224390
810, 233690
811, 224380
812, 222410
813, 231020
814, 223630
815, 222420
816, 226690
817, 244020
818, 228880
819, 224280
820, 223390
821, 232470
822, 228020
823, 234730
824, 225750
825, 224420
826, 227460
827, 226970
828, 245100
829, 233850
830, 227580
831, 244670
832, 251350
833, 237170
834, 231300
835, 227820
836, 228730
837, 232240
838, 229290
839, 248200
840, 239670
841, 230010
842, 232610
843, 231800
844, 229060
845, 232160
846, 234430
847, 236420
848, 231420
849, 232640
850, 255500
851, 236470
852, 243110
853, 233230
854, 236360
855, 233570
856, 235400
857, 244230
858, 234210
859, 237750
860, 237430
861, 274390
862, 244580
863, 235830
864, 237330
865, 239970
866, 237710
867, 248550
868, 241500
869, 239180
870, 238880
871, 262500
872, 260490
873, 240230
874, 239200
875, 241940
876, 240460
877, 248670
878, 244390
879, 242010
880, 246230
881, 250560
882, 263680
883, 246410
884, 242800
885, 244470
886, 247710
887, 244390
888, 244290
889, 242840
890, 242770
891, 244090
892, 245870
893, 270640
894, 249510
895, 245640
896, 248440
897, 249700
898, 246500
899, 247640
900, 245160
901, 246780
902, 263960
903, 257590
904, 250200
905, 252390
906, 248910
907, 250030
908, 250050
909, 249470
910, 248330
911, 249760
912, 263560
913, 277680
914, 264560
915, 251630
916, 261260
917, 256910
918, 253110
919, 253040
920, 251930
921, 257370
922, 253590
923, 275760
924, 264430
925, 253670
926, 258840
927, 254060
928, 254030
929, 265580
930, 266300
931, 308460
932, 285320
933, 264550
934, 257390
935, 276660
936, 260300
937, 260720
938, 261210
939, 259970
940, 265070
941, 257140
942, 281480
943, 268690
944, 263220
945, 262120
946, 260050
947, 259790
948, 264130
949, 264110
950, 261640
951, 268640
952, 285130
953, 273380
954, 260620
955, 264540
956, 262650
957, 262110
958, 268050
959, 261400
960, 261510
961, 297560
962, 290080
963, 265600
964, 262630
965, 267390
966, 267120
967, 277970
968, 265530
969, 265550
970, 271070
971, 269470
972, 292000
973, 271710
974, 270410
975, 267190
976, 268410
977, 266560
978, 268700
979, 270460
980, 293340
981, 271870
982, 268860
983, 272920
984, 272150
985, 272850
986, 269440
987, 270710
988, 271770
989, 290990
990, 283800
991, 273850
992, 272890
993, 277570
994, 277980
995, 275570
996, 272630
997, 272550
998, 282590
999, 298270
