Element Count, Merge Sort - Descending
10, 2480
11, 2440
12, 2670
13, 2930
14, 3200
15, 4510
16, 2870
17, 3040
18, 3250
19, 3480
20, 3680
21, 3890
22, 4110
23, 4300
24, 4490
25, 4810
26, 4830
27, 4980
28, 5220
29, 6120
30, 5540
31, 5780
32, 5940
33, 6130
34, 6440
35, 6740
36, 6890
37, 7110
38, 7290
39, 7510
40, 7680
41, 8220
42, 8190
43, 8400
44, 8630
45, 8900
46, 9170
47, 9380
48, 10240
49, 10060
50, 10340
51, 10470
52, 10770
53, 11430
54, 11090
55, 11420
56, 12080
57, 11770
58, 11970
59, 12290
60, 12500
61, 12570
62, 12870
63, 13260
64, 13370
65, 14290
66, 14000
67, 14190
68, 14480
69, 15460
70, 14950
71, 15170
72, 15500
73, 15580
74, 15790
75, 19510
76, 18710
77, 17850
78, 17320
79, 17320
80, 17330
81, 19070
82, 17890
83, 18940
84, 18310
85, 18540
86, 18620
87, 18880
88, 19130
89, 19680
90, 19960
91, 20080
92, 19990
93, 20480
94, 20640
95, 21600
96, 23860
97, 22110
98, 22020
99, 22010
100, 22050
101, 23710
102, 23660
103, 23080
104, 23290
105, 23750
106, 24050
107, 24890
108, 24630
109, 24540
110, 24910
111, 24660
112, 25370
113, 25550
114, 25510
115, 26110
116, 26130
117, 26280
118, 26210
119, 26790
120, 26660
121, 27040
122, 27750
123, 27790
124, 27920
125, 28560
126, 28730
127, 29170
128, 29050
129, 28990
130, 29210
131, 29340
132, 29620
133, 30300
134, 30060
135, 37350
136, 39300
137, 32470
138, 31160
139, 31340
140, 32640
141, 32700
142, 32430
143, 33080
144, 33390
145, 33580
146, 33980
147, 34490
148, 34040
149, 34480
150, 34320
151, 34650
152, 34770
153, 35150
154, 35240
155, 35570
156, 35390
157, 36170
158, 36210
159, 37040
160, 36570
161, 41720
162, 41910
163, 43250
164, 43130
165, 38130
166, 37770
167, 37930
168, 38110
169, 39240
170, 39660
171, 39420
172, 40690
173, 40770
174, 41400
175, 41530
176, 42340
177, 42270
178, 42580
179, 42770
180, 42690
181, 44010
182, 45340
183, 43600
184, 43740
185, 47820
186, 45970
187, 47410
188, 46120
189, 47160
190, 53670
191, 47310
192, 165150
193, 46360
194, 45980
195, 48020
196, 48540
197, 49650
198, 49960
199, 49340
200, 49080
201, 49970
202, 49890
203, 50490
204, 50240
205, 50780
206, 50810
207, 51150
208, 52260
209, 53390
210, 51940
211, 52050
212, 52360
213, 52840
214, 53130
215, 53060
216, 53260
217, 54150
218, 53550
219, 61200
220, 85260
221, 65260
222, 59900
223, 64370
224, 57500
225, 60090
226, 61600
227, 57430
228, 56380
229, 56860
230, 56880
231, 57180
232, 61550
233, 59390
234, 58660
235, 60760
236, 60390
237, 59520
238, 59380
239, 59050
240, 59860
241, 60580
242, 60690
243, 60000
244, 60730
245, 60990
246, 60920
247, 61490
248, 61340
249, 62320
250, 62430
251, 64900
252, 69800
253, 65980
254, 66170
255, 69130
256, 65570
257, 64540
258, 65390
259, 74340
260, 66840
261, 67480
262, 65370
263, 66110
264, 66630
265, 67290
266, 66330
267, 67490
268, 67940
269, 67510
270, 67160
271, 67860
272, 67760
273, 69200
274, 68890
275, 68710
276, 71260
277, 70570
278, 72310
279, 77270
280, 80360
281, 73340
282, 70880
283, 71170
284, 72020
285, 71080
286, 72090
287, 71930
288, 72230
289, 72870
290, 72480
291, 73010
292, 73170
293, 78150
294, 75770
295, 78480
296, 81300
297, 80650
298, 79620
299, 77860
300, 79360
301, 76820
302, 78650
303, 77390
304, 77820
305, 77910
306, 78150
307, 77950
308, 78560
309, 82250
310, 80170
311, 81080
312, 79180
313, 81070
314, 79560
315, 79370
316, 79820
317, 80770
318, 80190
319, 80520
320, 81140
321, 81220
322, 81960
323, 81570
324, 94010
325, 130150
326, 150520
327, 97180
328, 84500
329, 84820
330, 84600
331, 83670
332, 84010
333, 84780
334, 84800
335, 85560
336, 85680
337, 94960
338, 88160
339, 91460
340, 93210
341, 94350
342, 91100
343, 93060
344, 89080
345, 89690
346, 89950
347, 88660
348, 89480
349, 91850
350, 92380
351, 100570
352, 93730
353, 92160
354, 91700
355, 91480
356, 91710
357, 92790
358, 92380
359, 92930
360, 93140
361, 94110
362, 94200
363, 94050
364, 94420
365, 102980
366, 106030
367, 98020
368, 96460
369, 96210
370, 96740
371, 97040
372, 96840
373, 97040
374, 97690
375, 97690
376, 97870
377, 99290
378, 108640
379, 103990
380, 115390
381, 103890
382, 105710
383, 104000
384, 103340
385, 102260
386, 101070
387, 105620
388, 102300
389, 103090
390, 103760
391, 102750
392, 102070
393, 103620
394, 106620
395, 104230
396, 103440
397, 103700
398, 103340
399, 103030
400, 104260
401, 104510
402, 106640
403, 114870
404, 110060
405, 110380
406, 106560
407, 105700
408, 130880
409, 108440
410, 107270
411, 110160
412, 110570
413, 107520
414, 106800
415, 107110
416, 108420
417, 108900
418, 107760
419, 108370
420, 108190
421, 108950
422, 108440
423, 113130
424, 148600
425, 127730
426, 116710
427, 111480
428, 112610
429, 112840
430, 112310
431, 112300
432, 112910
433, 113540
434, 121780
435, 115770
436, 114860
437, 113380
438, 113800
439, 114250
440, 114870
441, 114780
442, 115070
443, 115610
444, 115450
445, 115740
446, 118380
447, 121810
448, 122620
449, 121860
450, 119080
451, 117130
452, 117290
453, 118260
454, 117880
455, 118180
456, 121310
457, 119900
458, 119400
459, 118750
460, 119350
461, 120230
462, 120660
463, 120030
464, 120630
465, 120940
466, 122130
467, 124280
468, 134940
469, 125270
470, 123290
471, 123500
472, 123260
473, 123130
474, 125080
475, 124120
476, 129660
477, 126350
478, 125050
479, 125640
480, 125960
481, 125580
482, 126590
483, 126210
484, 127350
485, 126930
486, 139830
487, 147520
488, 136010
489, 136460
490, 136480
491, 135790
492, 132880
493, 130490
494, 129390
495, 132270
496, 133660
497, 134320
498, 131470
499, 131030
500, 131100
501, 131280
502, 131770
503, 131270
504, 131500
505, 134560
506, 142930
507, 150290
508, 150670
509, 141550
510, 135760
511, 134340
512, 134340
513, 134970
514, 150410
515, 136340
516, 139170
517, 136440
518, 137900
519, 135850
520, 136600
521, 137810
522, 137480
523, 142620
524, 151920
525, 162470
526, 152810
527, 142600
528, 143340
529, 141590
530, 139550
531, 140100
532, 140480
533, 143390
534, 141320
535, 145700
536, 143790
537, 144660
538, 141540
539, 141850
540, 142190
541, 150560
542, 152790
543, 167040
544, 148290
545, 146360
546, 145740
547, 145390
548, 145970
549, 148340
550, 147710
551, 160800
552, 148630
553, 146810
554, 147050
555, 146590
556, 146550
557, 147700
558, 152520
559, 161680
560, 162660
561, 153650
562, 148470
563, 149150
564, 150110
565, 149530
566, 152130
567, 158550
568, 151870
569, 151050
570, 151370
571, 151130
572, 151680
573, 151010
574, 155150
575, 165270
576, 165130
577, 164330
578, 168680
579, 158370
580, 154670
581, 153950
582, 157290
583, 161010
584, 155870
585, 154570
586, 156740
587, 155480
588, 155870
589, 156610
590, 172720
591, 232570
592, 240030
593, 161300
594, 160710
595, 158530
596, 158620
597, 164700
598, 185600
599, 159370
600, 159680
601, 159740
602, 159550
603, 160440
604, 159540
605, 182930
606, 181480
607, 174800
608, 165380
609, 163740
610, 162710
611, 163340
612, 166680
613, 167470
614, 166110
615, 164700
616, 165000
617, 164770
618, 164890
619, 165160
620, 171270
621, 189410
622, 179690
623, 169620
624, 166110
625, 166900
626, 167380
627, 168780
628, 174740
629, 169430
630, 169570
631, 170760
632, 170190
633, 170530
634, 173450
635, 204550
636, 181660
637, 172530
638, 170860
639, 170720
640, 172970
641, 174610
642, 195790
643, 189050
644, 176630
645, 176300
646, 173160
647, 173490
648, 173130
649, 178300
650, 175620
651, 173810
652, 175190
653, 175100
654, 175130
655, 175680
656, 188790
657, 184090
658, 199310
659, 183710
660, 183780
661, 178230
662, 182700
663, 179810
664, 184420
665, 179790
666, 182100
667, 180040
668, 180120
669, 181000
670, 189810
671, 201150
672, 213560
673, 256730
674, 192840
675, 190540
676, 192620
677, 221330
678, 282170
679, 292560
680, 266010
681, 248320
682, 395950
683, 321900
684, 271170
685, 239570
686, 227940
687, 219850
688, 208680
689, 200600
690, 194490
691, 198680
692, 203950
693, 202260
694, 190950
695, 190220
696, 187640
697, 189670
698, 189570
699, 188770
700, 189610
701, 189650
702, 189830
703, 189690
704, 192340
705, 208790
706, 204410
707, 204130
708, 197790
709, 193590
710, 201560
711, 223610
712, 197590
713, 194660
714, 194300
715, 194000
716, 193960
717, 199660
718, 201320
719, 209390
720, 205760
721, 196910
722, 196250
723, 202110
724, 198610
725, 196940
726, 198540
727, 198230
728, 198370
729, 199560
730, 205780
731, 216720
732, 213750
733, 201760
734, 202750
735, 199940
736, 199650
737, 200720
738, 202610
739, 201880
740, 201260
741, 201580
742, 207160
743, 253670
744, 244160
745, 284450
746, 205940
747, 207070
748, 206960
749, 206000
750, 206430
751, 209230
752, 208180
753, 207500
754, 244050
755, 221720
756, 207820
757, 207770
758, 207570
759, 212460
760, 229340
761, 223800
762, 209060
763, 208600
764, 210790
765, 213950
766, 238200
767, 228940
768, 210740
769, 210000
770, 210650
771, 215910
772, 215290
773, 211600
774, 213090
775, 211280
776, 211940
777, 215500
778, 227440
779, 233140
780, 215160
781, 214450
782, 214190
783, 228230
784, 220420
785, 224490
786, 218000
787, 224540
788, 221180
789, 228650
790, 249190
791, 228960
792, 216480
793, 218000
794, 225480
795, 222470
796, 218050
797, 218390
798, 217450
799, 217710
800, 223540
801, 244750
802, 248060
803, 226020
804, 221090
805, 220450
806, 229350
807, 222310
808, 221040
809, 221500
810, 222430
811, 221000
812, 246710
813, 245560
814, 228910
815, 222340
816, 222520
817, 232040
818, 226650
819, 226590
820, 224300
821, 224380
822, 224390
823, 245920
824, 248300
825, 232880
826, 225560
827, 226290
828, 228670
829, 227110
830, 225620
831, 225820
832, 227460
833, 228360
834, 238390
835, 248990
836, 240310
837, 228530
838, 229180
839, 228920
840, 274920
841, 236790
842, 231850
843, 231850
844, 230280
845, 249870
846, 262310
847, 243480
848, 235570
849, 234880
850, 234460
851, 232880
852, 242160
853, 252100
854, 237890
855, 255900
856, 235550
857, 238360
858, 234890
859, 235460
860, 256610
861, 256640
862, 237410
863, 247580
864, 254720
865, 258510
866, 249050
867, 242860
868, 242700
869, 238270
870, 266130
871, 277690
872, 295280
873, 326790
874, 348170
875, 368400
876, 407840
877, 385220
878, 412040
879, 326110
880, 296870
881, 281830
882, 353100
883, 268350
884, 268410
885, 248790
886, 260110
887, 247260
888, 243470
889, 245320
890, 242800
891, 248760
892, 276260
893, 265400
894, 249180
895, 252020
896, 263110
897, 271810
898, 251020
899, 251050
900, 260010
901, 263690
902, 249520
903, 246430
904, 246000
905, 246570
906, 251870
907, 254440
908, 258910
909, 264870
910, 261230
911, 252610
912, 321050
913, 264320
914, 257940
915, 249050
916, 278110
917, 259590
918, 260330
919, 254560
920, 303870
921, 286410
922, 262710
923, 260870
924, 257910
925, 256630
926, 257490
927, 254680
928, 253960
929, 254570
930, 254820
931, 297080
932, 287690
933, 264130
934, 255540
935, 289630
936, 272290
937, 265530
938, 261980
939, 259210
940, 288220
941, 304670
942, 285010
943, 262000
944, 267670
945, 278190
946, 266410
947, 261890
948, 282800
949, 282520
950, 269710
951, 262870
952, 264370
953, 295860
954, 281440
955, 275510
956, 267750
957, 285390
958, 284750
959, 298200
960, 307300
961, 317460
962, 431580
963, 361040
964, 319540
965, 312450
966, 321210
967, 308650
968, 319900
969, 317100
970, 364250
971, 287080
972, 286040
973, 278230
974, 278280
975, 268910
976, 269750
977, 279890
978, 282050
979, 274760
980, 269500
981, 271260
982, 286230
983, 271840
984, 272000
985, 270510
986, 274500
987, 281140
988, 277610
989, 274490
990, 275220
991, 279400
992, 275070
993, 275800
994, 276650
995, 279400
996, 277480
997, 277000
998, 277450
999, 262860
