Element Count, Quick Sort - Descending
10, 750
11, 480
12, 600
13, 590
14, 990
15, 860
16, 1080
17, 1030
18, 1130
19, 1240
20, 2470
21, 1760
22, 1990
23, 2150
24, 2210
25, 2650
26, 2660
27, 3230
28, 3230
29, 3010
30, 3530
31, 4760
32, 4930
33, 4430
34, 5540
35, 5250
36, 5570
37, 6250
38, 5330
39, 6310
40, 7240
41, 6970
42, 6220
43, 6460
44, 7140
45, 7590
46, 6120
47, 6990
48, 7050
49, 7220
50, 7930
51, 7540
52, 8100
53, 8410
54, 8700
55, 9360
56, 9780
57, 9540
58, 10140
59, 10160
60, 10490
61, 11200
62, 11990
63, 11660
64, 12440
65, 11500
66, 12820
67, 12450
68, 13140
69, 12870
70, 15220
71, 15370
72, 14950
73, 16250
74, 16150
75, 16970
76, 17600
77, 16630
78, 17090
79, 19250
80, 18720
81, 18080
82, 20240
83, 21600
84, 20190
85, 21640
86, 20440
87, 22410
88, 22570
89, 22430
90, 22570
91, 23010
92, 23110
93, 30550
94, 27920
95, 27070
96, 26020
97, 27400
98, 29640
99, 28740
100, 30620
101, 28690
102, 28790
103, 31960
104, 31210
105, 31630
106, 32150
107, 33360
108, 34910
109, 33300
110, 142340
111, 35630
112, 35380
113, 35600
114, 37760
115, 37750
116, 38280
117, 42460
118, 39640
119, 42410
120, 43500
121, 44050
122, 46550
123, 46370
124, 46570
125, 45990
126, 48900
127, 45450
128, 54830
129, 50410
130, 53290
131, 52820
132, 47950
133, 52060
134, 54620
135, 51660
136, 52350
137, 53030
138, 59900
139, 54470
140, 55280
141, 58600
142, 58080
143, 58560
144, 57190
145, 61710
146, 64570
147, 58450
148, 62660
149, 64050
150, 63670
151, 76850
152, 86480
153, 96840
154, 106480
155, 90050
156, 80070
157, 73520
158, 76010
159, 69700
160, 73940
161, 82640
162, 87260
163, 87900
164, 99390
165, 91430
166, 94480
167, 104830
168, 102580
169, 93840
170, 95220
171, 93400
172, 94200
173, 94160
174, 96030
175, 95210
176, 86060
177, 90250
178, 92530
179, 87230
180, 93490
181, 96280
182, 100660
183, 99900
184, 100580
185, 95200
186, 98690
187, 101980
188, 103640
189, 105360
190, 104830
191, 104130
192, 104260
193, 104870
194, 110810
195, 115060
196, 106730
197, 116600
198, 111260
199, 110040
200, 123940
201, 123630
202, 109360
203, 117650
204, 119400
205, 122450
206, 126040
207, 120560
208, 117500
209, 119950
210, 130300
211, 133320
212, 136020
213, 128240
214, 129620
215, 130560
216, 130000
217, 144570
218, 132150
219, 135880
220, 134460
221, 134790
222, 138920
223, 145620
224, 149500
225, 147790
226, 141620
227, 148940
228, 169580
229, 164850
230, 229810
231, 186710
232, 177570
233, 169860
234, 143460
235, 157020
236, 156130
237, 161620
238, 171370
239, 166520
240, 166580
241, 162140
242, 179070
243, 166880
244, 165350
245, 178250
246, 168960
247, 172550
248, 178800
249, 172810
250, 181280
251, 176140
252, 182060
253, 187040
254, 179250
255, 178850
256, 192070
257, 183170
258, 186770
259, 191980
260, 184440
261, 209600
262, 198320
263, 193280
264, 212350
265, 205690
266, 210530
267, 189500
268, 204810
269, 191160
270, 206260
271, 211770
272, 213270
273, 203480
274, 206720
275, 238320
276, 207190
277, 227220
278, 239140
279, 219400
280, 217170
281, 220160
282, 271760
283, 205310
284, 227100
285, 228690
286, 232800
287, 221570
288, 230040
289, 227170
290, 228470
291, 238660
292, 243340
293, 278290
294, 251440
295, 244440
296, 244750
297, 243380
298, 258590
299, 244530
300, 262200
301, 270870
302, 255500
303, 246680
304, 249950
305, 255530
306, 291400
307, 282520
308, 263410
309, 268070
310, 271700
311, 272640
312, 277830
313, 263540
314, 282110
315, 288080
316, 270890
317, 332190
318, 301180
319, 284630
320, 299990
321, 286230
322, 304840
323, 288790
324, 300220
325, 284230
326, 299700
327, 305870
328, 298940
329, 314880
330, 294070
331, 306140
332, 299260
333, 301960
334, 317010
335, 314220
336, 357950
337, 484990
338, 413020
339, 322520
340, 324670
341, 331060
342, 328050
343, 343290
344, 328720
345, 337910
346, 334270
347, 342840
348, 348390
349, 379800
350, 511420
351, 460830
352, 336330
353, 357400
354, 344970
355, 356920
356, 340050
357, 365090
358, 344820
359, 361010
360, 368880
361, 361990
362, 366810
363, 369840
364, 371050
365, 390830
366, 372050
367, 376430
368, 382420
369, 375220
370, 364900
371, 369500
372, 393490
373, 403210
374, 382700
375, 377160
376, 394160
377, 397940
378, 387140
379, 405130
380, 413760
381, 408840
382, 406940
383, 432730
384, 392500
385, 410440
386, 421280
387, 422120
388, 430380
389, 432200
390, 425320
391, 415290
392, 421110
393, 428070
394, 474410
395, 426270
396, 436290
397, 437980
398, 441510
399, 449460
400, 454530
401, 468910
402, 491410
403, 423520
404, 458580
405, 459490
406, 458210
407, 478100
408, 460060
409, 454960
410, 448680
411, 489630
412, 502470
413, 456540
414, 484950
415, 470740
416, 495870
417, 486640
418, 489070
419, 502860
420, 520530
421, 501040
422, 481060
423, 512780
424, 490820
425, 505940
426, 529580
427, 488020
428, 505310
429, 524450
430, 508740
431, 568880
432, 535170
433, 512770
434, 510540
435, 541210
436, 532290
437, 507510
438, 548810
439, 546510
440, 543960
441, 543540
442, 550620
443, 523820
444, 544840
445, 546510
446, 541280
447, 556960
448, 551820
449, 553110
450, 553520
451, 615320
452, 625390
453, 569840
454, 567940
455, 566810
456, 595580
457, 578670
458, 581580
459, 611020
460, 596730
461, 588230
462, 586830
463, 597460
464, 602860
465, 591580
466, 583990
467, 621890
468, 630740
469, 592060
470, 610600
471, 611650
472, 604670
473, 612810
474, 611910
475, 636660
476, 611020
477, 608630
478, 632290
479, 638670
480, 626140
481, 679010
482, 626960
483, 623920
484, 666150
485, 653290
486, 657960
487, 655820
488, 677600
489, 660950
490, 643080
491, 657910
492, 666860
493, 687720
494, 679590
495, 676180
496, 698720
497, 700470
498, 696240
499, 680270
500, 692740
501, 701860
502, 711490
503, 669940
504, 680790
505, 715840
506, 695050
507, 717400
508, 694600
509, 703250
510, 727580
511, 731390
512, 718280
513, 695030
514, 737560
515, 721910
516, 752540
517, 765080
518, 738340
519, 748850
520, 736930
521, 736740
522, 754230
523, 753770
524, 750250
525, 751760
526, 774420
527, 763670
528, 771830
529, 776150
530, 801530
531, 764420
532, 791620
533, 793250
534, 776190
535, 776610
536, 786630
537, 807850
538, 772830
539, 799670
540, 817680
541, 800070
542, 781270
543, 807630
544, 804150
545, 783770
546, 938680
547, 836350
548, 794650
549, 836380
550, 826370
551, 825460
552, 819310
553, 825780
554, 848820
555, 882160
556, 865250
557, 838760
558, 877720
559, 857150
560, 856940
561, 865040
562, 860010
563, 885240
564, 883050
565, 873740
566, 890450
567, 857870
568, 868690
569, 858970
570, 883050
571, 912160
572, 923150
573, 888190
574, 898920
575, 891450
576, 909920
577, 879810
578, 924080
579, 914310
580, 884560
581, 931620
582, 929050
583, 1022380
584, 925990
585, 931030
586, 928480
587, 942060
588, 929010
589, 956570
590, 905840
591, 913540
592, 906810
593, 900120
594, 956600
595, 943740
596, 955550
597, 1108070
598, 994810
599, 967620
600, 959980
601, 1000220
602, 960010
603, 961840
604, 964740
605, 987220
606, 998940
607, 962900
608, 1129310
609, 1061090
610, 972810
611, 1029830
612, 1019450
613, 974680
614, 960340
615, 1021010
616, 1010580
617, 1008840
618, 1156720
619, 1025580
620, 1034880
621, 1056350
622, 1037410
623, 1041960
624, 1080340
625, 1062560
626, 1167520
627, 1105880
628, 1161980
629, 1151420
630, 1062440
631, 1149990
632, 1089370
633, 1104740
634, 1167680
635, 1137420
636, 1133610
637, 1138920
638, 1239430
639, 1144860
640, 1075520
641, 1164910
642, 1105800
643, 1116720
644, 1134000
645, 1138970
646, 1121410
647, 1127440
648, 1123380
649, 1140080
650, 1136360
651, 1151200
652, 1139980
653, 1107800
654, 1140820
655, 1150480
656, 1143140
657, 1144800
658, 1163370
659, 1140930
660, 1153340
661, 1151540
662, 1150270
663, 1180660
664, 1179530
665, 1165420
666, 1159970
667, 1175120
668, 1196950
669, 1189360
670, 1204070
671, 1189110
672, 1210910
673, 1188620
674, 1238540
675, 1215540
676, 1210520
677, 1205660
678, 1175620
679, 1217570
680, 1174290
681, 1207910
682, 1196650
683, 1209330
684, 1232520
685, 1193520
686, 1247120
687, 1240740
688, 1227290
689, 1237870
690, 1267460
691, 1228840
692, 1247540
693, 1236970
694, 1246710
695, 1248770
696, 1230040
697, 1268040
698, 1269460
699, 1257430
700, 1290920
701, 1224080
702, 1300200
703, 1259220
704, 1288100
705, 1289130
706, 1254880
707, 1301920
708, 1292460
709, 1278450
710, 1318480
711, 1305300
712, 1323680
713, 1309120
714, 1350360
715, 1355470
716, 1338240
717, 1354230
718, 1360550
719, 1585060
720, 1393640
721, 1366050
722, 1371900
723, 1369810
724, 1427090
725, 1355830
726, 1349430
727, 1368450
728, 1376470
729, 1344360
730, 1361370
731, 1385460
732, 1419510
733, 1569730
734, 1442540
735, 1438770
736, 1512150
737, 1461330
738, 1471670
739, 1397190
740, 1429040
741, 1426740
742, 1442310
743, 1422650
744, 1430190
745, 1442480
746, 1472520
747, 1428130
748, 1434350
749, 1421600
750, 1443720
751, 1460290
752, 1500470
753, 1499280
754, 1492640
755, 1484020
756, 1446830
757, 1520180
758, 1484640
759, 1487800
760, 1482920
761, 1501250
762, 1494570
763, 1543980
764, 1538520
765, 1522990
766, 1526360
767, 1502050
768, 1481960
769, 1482500
770, 1545750
771, 1589140
772, 1561120
773, 1572780
774, 1523400
775, 1534140
776, 1496810
777, 1542200
778, 1561130
779, 1537720
780, 1550710
781, 1711180
782, 1653090
783, 1662040
784, 1672340
785, 1679290
786, 1624050
787, 1720500
788, 1689340
789, 1620070
790, 1627100
791, 1593980
792, 1586700
793, 1629810
794, 1622260
795, 1584320
796, 1639460
797, 1782870
798, 1700510
799, 1730610
800, 1745590
801, 1763490
802, 1756390
803, 1733140
804, 1773010
805, 1796300
806, 1764320
807, 1791190
808, 1759640
809, 1733450
810, 1795730
811, 1815690
812, 1800550
813, 1782420
814, 1733590
815, 1806230
816, 1768240
817, 1789420
818, 1805530
819, 1839910
820, 1836320
821, 1868280
822, 1863080
823, 1816360
824, 1835850
825, 1719740
826, 1690290
827, 1808460
828, 1767160
829, 1774570
830, 1782700
831, 1814280
832, 1812660
833, 1960170
834, 1891740
835, 1940950
836, 1885950
837, 1786190
838, 1826300
839, 1865320
840, 1808790
841, 1800340
842, 1841820
843, 1813300
844, 1841450
845, 1841360
846, 1856350
847, 1922650
848, 1834580
849, 1846390
850, 1826060
851, 1839870
852, 1896430
853, 1880140
854, 1839280
855, 1943180
856, 1911600
857, 1885080
858, 1908760
859, 1855290
860, 1905570
861, 1892900
862, 1905820
863, 1929300
864, 1954290
865, 1980600
866, 1933160
867, 1962130
868, 1920350
869, 1929180
870, 2001660
871, 1985740
872, 1989410
873, 2038580
874, 2030630
875, 2003050
876, 2021090
877, 2045170
878, 1970400
879, 2044220
880, 2020210
881, 2000610
882, 2002960
883, 2020560
884, 2071940
885, 2216200
886, 2175440
887, 2160270
888, 2338290
889, 2345840
890, 2296390
891, 2398560
892, 2244330
893, 2856010
894, 2279170
895, 2406790
896, 2271390
897, 2282450
898, 2266910
899, 2359120
900, 2447190
901, 2392800
902, 2344470
903, 2357680
904, 2281400
905, 2222530
906, 2215180
907, 2234910
908, 2230860
909, 2331650
910, 2360840
911, 2328310
912, 2268260
913, 2398400
914, 2278810
915, 2241490
916, 2331970
917, 2305310
918, 2370950
919, 2380390
920, 2306540
921, 2289330
922, 2341500
923, 2275090
924, 2174520
925, 2203200
926, 2219360
927, 2172590
928, 2158630
929, 2276920
930, 2248220
931, 2180330
932, 2343760
933, 2262760
934, 2223500
935, 2227630
936, 2197060
937, 2260450
938, 2285420
939, 2264660
940, 2487950
941, 2400930
942, 2363340
943, 2462660
944, 2487540
945, 2459030
946, 2467090
947, 2420040
948, 2363190
949, 2326230
950, 2357020
951, 2361470
952, 2390990
953, 2516210
954, 2455110
955, 2455630
956, 2494240
957, 2447190
958, 2538520
959, 2478360
960, 2445120
961, 2540680
962, 2494110
963, 2612740
964, 2557280
965, 2454100
966, 2484320
967, 2515860
968, 2461390
969, 2528420
970, 2482270
971, 2493480
972, 2495310
973, 2943280
974, 2610570
975, 2523200
976, 2571740
977, 2583410
978, 2800730
979, 2639400
980, 2610520
981, 2555410
982, 2595520
983, 2609540
984, 2563510
985, 2545280
986, 2455520
987, 2515390
988, 2503230
989, 2614070
990, 2568650
991, 2577490
992, 2506710
993, 2574470
994, 2548220
995, 2501810
996, 2558740
997, 2562690
998, 2509920
999, 2489530
