Element Count, Quick Sort - Ascending
10, 550
11, 670
12, 850
13, 970
14, 950
15, 1280
16, 830
17, 1040
18, 1320
19, 1650
20, 1580
21, 1580
22, 1710
23, 1950
24, 2080
25, 2430
26, 2300
27, 2810
28, 3990
29, 4250
30, 4740
31, 5610
32, 5440
33, 5830
34, 5770
35, 5250
36, 4330
37, 5020
38, 5050
39, 5190
40, 5890
41, 5750
42, 6060
43, 6510
44, 6620
45, 6930
46, 7170
47, 7380
48, 7510
49, 8100
50, 8350
51, 9290
52, 9620
53, 10070
54, 10910
55, 11420
56, 13460
57, 10920
58, 11740
59, 12010
60, 12210
61, 13750
62, 13320
63, 15770
64, 14530
65, 13470
66, 14470
67, 14550
68, 16680
69, 25500
70, 18880
71, 18240
72, 17560
73, 16660
74, 18370
75, 29530
76, 29110
77, 25960
78, 21280
79, 21690
80, 20540
81, 22440
82, 21390
83, 22660
84, 22570
85, 26460
86, 25760
87, 27530
88, 26500
89, 26700
90, 28670
91, 28580
92, 29360
93, 30550
94, 30930
95, 30870
96, 32570
97, 34810
98, 33430
99, 36500
100, 38120
101, 39210
102, 36720
103, 37420
104, 38070
105, 38240
106, 39020
107, 40520
108, 42380
109, 38560
110, 43000
111, 40050
112, 43870
113, 42390
114, 38890
115, 45660
116, 45260
117, 46070
118, 47170
119, 51390
120, 50390
121, 49940
122, 49580
123, 53460
124, 53290
125, 54810
126, 58560
127, 55080
128, 54610
129, 54560
130, 53660
131, 62050
132, 56730
133, 63160
134, 63050
135, 66380
136, 68450
137, 63390
138, 67170
139, 70640
140, 68950
141, 70210
142, 74210
143, 71940
144, 69600
145, 77760
146, 73760
147, 70510
148, 79450
149, 79250
150, 76450
151, 80490
152, 85770
153, 79470
154, 86070
155, 82270
156, 206260
157, 88380
158, 91470
159, 95700
160, 90150
161, 91070
162, 99240
163, 96620
164, 100610
165, 94570
166, 102510
167, 97930
168, 104970
169, 104890
170, 103030
171, 101040
172, 101660
173, 96120
174, 110130
175, 112940
176, 118550
177, 115400
178, 102270
179, 117240
180, 121640
181, 113950
182, 122990
183, 120520
184, 114040
185, 115980
186, 119220
187, 131560
188, 192630
189, 132520
190, 132050
191, 126860
192, 135250
193, 132670
194, 135930
195, 133830
196, 134120
197, 141150
198, 157350
199, 154110
200, 147310
201, 154000
202, 147530
203, 147840
204, 144870
205, 151340
206, 159430
207, 163270
208, 160330
209, 158260
210, 149590
211, 159160
212, 163640
213, 162470
214, 168100
215, 157360
216, 171390
217, 163500
218, 156210
219, 167250
220, 175000
221, 172580
222, 175350
223, 177550
224, 180210
225, 182190
226, 181340
227, 176080
228, 183130
229, 190800
230, 188720
231, 186170
232, 190820
233, 207410
234, 198040
235, 202090
236, 196850
237, 197390
238, 212450
239, 198250
240, 212310
241, 218940
242, 206250
243, 213330
244, 199830
245, 216380
246, 206110
247, 237040
248, 219380
249, 228240
250, 216240
251, 223500
252, 228260
253, 231700
254, 243390
255, 243650
256, 238180
257, 236950
258, 247740
259, 231560
260, 249330
261, 265970
262, 274380
263, 260160
264, 240120
265, 247650
266, 251110
267, 243930
268, 248160
269, 263540
270, 266460
271, 269110
272, 293700
273, 276470
274, 269500
275, 269300
276, 283040
277, 279670
278, 283980
279, 283990
280, 269670
281, 272650
282, 314100
283, 299310
284, 310870
285, 289190
286, 284480
287, 285570
288, 304580
289, 300800
290, 318310
291, 300110
292, 299420
293, 304800
294, 293760
295, 309940
296, 307170
297, 299990
298, 308810
299, 313470
300, 305770
301, 312700
302, 326220
303, 331160
304, 341320
305, 333650
306, 337450
307, 348010
308, 352830
309, 336230
310, 348410
311, 338650
312, 344050
313, 363760
314, 361240
315, 344790
316, 356140
317, 355620
318, 369690
319, 353160
320, 364920
321, 348250
322, 382770
323, 374720
324, 374460
325, 360800
326, 380600
327, 366710
328, 379560
329, 568870
330, 370630
331, 383860
332, 429280
333, 411910
334, 377710
335, 389390
336, 383420
337, 381690
338, 400370
339, 430500
340, 412130
341, 417670
342, 428320
343, 435400
344, 423380
345, 426910
346, 427710
347, 435980
348, 410450
349, 453030
350, 427880
351, 443040
352, 412300
353, 453540
354, 435310
355, 463160
356, 467510
357, 453590
358, 455400
359, 449770
360, 462270
361, 472810
362, 450790
363, 482880
364, 458290
365, 478640
366, 475160
367, 465550
368, 495090
369, 493340
370, 507690
371, 509460
372, 497820
373, 490540
374, 470020
375, 504080
376, 506210
377, 515300
378, 503890
379, 516210
380, 502720
381, 537450
382, 507660
383, 522260
384, 513580
385, 532360
386, 512740
387, 536550
388, 541930
389, 550520
390, 567480
391, 530370
392, 594870
393, 582610
394, 524400
395, 595240
396, 559940
397, 583360
398, 610450
399, 578580
400, 643330
401, 579070
402, 575890
403, 591170
404, 565900
405, 566940
406, 591730
407, 573010
408, 577140
409, 594230
410, 597520
411, 627860
412, 592620
413, 605280
414, 612270
415, 620610
416, 612800
417, 609670
418, 642400
419, 618870
420, 630790
421, 636090
422, 628470
423, 648880
424, 631810
425, 625230
426, 668970
427, 634720
428, 678910
429, 678090
430, 672940
431, 692710
432, 648140
433, 659650
434, 663810
435, 685820
436, 682080
437, 677930
438, 695450
439, 680910
440, 721100
441, 675450
442, 727960
443, 694840
444, 700710
445, 670410
446, 730580
447, 746810
448, 686900
449, 731620
450, 721760
451, 758350
452, 721210
453, 751380
454, 714620
455, 752340
456, 712260
457, 835330
458, 1050330
459, 755760
460, 722620
461, 784460
462, 761730
463, 777340
464, 753970
465, 742440
466, 770170
467, 784080
468, 751220
469, 754130
470, 837810
471, 771620
472, 797420
473, 788170
474, 788010
475, 809220
476, 803710
477, 812870
478, 780250
479, 811540
480, 776560
481, 784230
482, 814860
483, 789890
484, 850110
485, 806360
486, 815130
487, 822610
488, 827710
489, 870570
490, 874910
491, 811140
492, 866610
493, 875600
494, 871890
495, 877680
496, 875270
497, 846550
498, 880990
499, 916790
500, 860560
501, 879430
502, 911140
503, 906790
504, 891190
505, 899430
506, 891490
507, 918880
508, 896900
509, 916020
510, 895530
511, 849560
512, 884680
513, 875530
514, 878450
515, 869860
516, 885060
517, 882370
518, 909100
519, 881380
520, 886070
521, 918960
522, 896550
523, 908270
524, 924620
525, 916720
526, 935790
527, 871370
528, 913100
529, 938760
530, 939830
531, 959420
532, 946960
533, 930340
534, 906170
535, 941100
536, 989610
537, 953210
538, 953460
539, 981420
540, 957910
541, 965630
542, 973660
543, 980670
544, 1031820
545, 1008490
546, 1012820
547, 954110
548, 990290
549, 1021310
550, 1025790
551, 1004510
552, 1073870
553, 1018080
554, 1074550
555, 1064000
556, 1043590
557, 1001220
558, 1020040
559, 1076940
560, 1055370
561, 1055550
562, 1074940
563, 1053230
564, 1029700
565, 1071780
566, 1088910
567, 1065680
568, 1046820
569, 1097040
570, 1109500
571, 1068680
572, 1135400
573, 1121540
574, 1118730
575, 1120320
576, 1190850
577, 1090800
578, 1101810
579, 1110160
580, 1163960
581, 1141520
582, 1111350
583, 1161400
584, 1105180
585, 1116480
586, 1149750
587, 1162790
588, 1159420
589, 1231870
590, 1230770
591, 1213930
592, 1157350
593, 1231040
594, 1205340
595, 1181470
596, 1170840
597, 1214980
598, 1227200
599, 1228990
600, 1229970
601, 1224360
602, 1207840
603, 1251590
604, 1218970
605, 1213910
606, 1240720
607, 1283200
608, 1238080
609, 1237360
610, 1245230
611, 1265730
612, 1242610
613, 1271800
614, 1217760
615, 1294680
616, 1252200
617, 1281690
618, 1370790
619, 1333130
620, 1258220
621, 1274910
622, 1348370
623, 1325030
624, 1350890
625, 1318570
626, 1434790
627, 1330040
628, 1365360
629, 1398110
630, 1308260
631, 1335280
632, 1415190
633, 1402970
634, 1351090
635, 1346970
636, 1442110
637, 1358630
638, 1361070
639, 1442990
640, 1437230
641, 1396260
642, 1368900
643, 1372950
644, 1405150
645, 1381640
646, 1396560
647, 1419450
648, 1393310
649, 1494240
650, 1433320
651, 1381000
652, 1427250
653, 1426890
654, 1419980
655, 1435010
656, 1404040
657, 1442640
658, 1459080
659, 1471960
660, 1460630
661, 1399950
662, 1497610
663, 1463060
664, 1456800
665, 1523170
666, 1499950
667, 1435990
668, 1507680
669, 1600790
670, 1604020
671, 1484710
672, 1484100
673, 1495830
674, 1470150
675, 1481660
676, 1454390
677, 1530360
678, 1552160
679, 1536260
680, 1519870
681, 1535880
682, 1577840
683, 1584230
684, 1567070
685, 1516300
686, 1537980
687, 1577160
688, 1579760
689, 1553880
690, 1555930
691, 1629110
692, 1562970
693, 1547550
694, 1597960
695, 1686940
696, 1624910
697, 1585920
698, 1632580
699, 1600060
700, 1646170
701, 1655780
702, 1635950
703, 1675730
704, 1635280
705, 1651080
706, 1627170
707, 1721700
708, 1688490
709, 1700950
710, 1627160
711, 1665670
712, 1683720
713, 1734930
714, 1654130
715, 1712030
716, 1721360
717, 1681490
718, 1698390
719, 1750080
720, 1740320
721, 1731540
722, 1791200
723, 1701370
724, 1695900
725, 1749620
726, 1704460
727, 1756680
728, 1753040
729, 1758400
730, 1795630
731, 1974430
732, 1803570
733, 1807860
734, 1803400
735, 1829780
736, 1752740
737, 1847370
738, 1800340
739, 1823770
740, 1818860
741, 1784940
742, 1826520
743, 1815260
744, 1815060
745, 1893940
746, 1872290
747, 1916740
748, 1886940
749, 1852180
750, 1887580
751, 1902320
752, 1900550
753, 1881970
754, 1906500
755, 1890470
756, 1894500
757, 1950270
758, 1913460
759, 1906850
760, 1936250
761, 1898250
762, 1908980
763, 1959790
764, 1972790
765, 1941530
766, 1926140
767, 2019470
768, 1903620
769, 1944290
770, 1994730
771, 2014950
772, 1958650
773, 1993900
774, 1973470
775, 2010370
776, 2013600
777, 1982500
778, 2207260
779, 2099900
780, 2124930
781, 2092580
782, 2007140
783, 2023500
784, 2103870
785, 2073580
786, 2010080
787, 2102010
788, 2040180
789, 2037840
790, 2063050
791, 2163500
792, 2050740
793, 2079700
794, 2027090
795, 2113620
796, 2069510
797, 2106920
798, 2113690
799, 2180650
800, 2070230
801, 2152260
802, 2119710
803, 2054920
804, 2300760
805, 2180220
806, 2122720
807, 2152380
808, 2131120
809, 2172830
810, 2104020
811, 2177810
812, 2199000
813, 2133810
814, 2128160
815, 2183720
816, 2154360
817, 2193130
818, 2289490
819, 2275600
820, 2247490
821, 2170080
822, 2235520
823, 2293090
824, 2263180
825, 2210900
826, 2244670
827, 2306470
828, 2263080
829, 2273540
830, 2260100
831, 2296310
832, 2378150
833, 2298810
834, 2352570
835, 2409460
836, 2321980
837, 2363080
838, 2332120
839, 2355620
840, 2426420
841, 2365290
842, 2350280
843, 2332410
844, 2326790
845, 2365880
846, 2341530
847, 2400890
848, 2403030
849, 2425960
850, 2387340
851, 2378590
852, 2499370
853, 2421010
854, 2384770
855, 2410890
856, 2415990
857, 2380800
858, 2480070
859, 2421340
860, 2551130
861, 2482590
862, 2385080
863, 2519720
864, 2398430
865, 2473280
866, 2402920
867, 2452220
868, 2416260
869, 2498430
870, 2464330
871, 2466290
872, 2503960
873, 2535270
874, 2566230
875, 2527680
876, 2536410
877, 2512910
878, 2589860
879, 2541220
880, 2545560
881, 2513810
882, 2549380
883, 2591530
884, 2527730
885, 2643660
886, 2564680
887, 2545350
888, 2655140
889, 2554950
890, 2591690
891, 2656190
892, 2656460
893, 2659920
894, 2616570
895, 2630280
896, 2639440
897, 2686060
898, 2676340
899, 2702690
900, 2798010
901, 2746840
902, 2744930
903, 2686340
904, 2743210
905, 2734820
906, 2678960
907, 2725490
908, 2729930
909, 2717900
910, 2711520
911, 2854530
912, 2821750
913, 2798830
914, 2779660
915, 2826620
916, 2814500
917, 2835480
918, 2797750
919, 2831710
920, 2715240
921, 2783120
922, 2733480
923, 2800690
924, 2969290
925, 2898760
926, 2857810
927, 2796360
928, 2793370
929, 2897090
930, 2934830
931, 2884370
932, 2846460
933, 2869480
934, 3015840
935, 2915800
936, 2925270
937, 2945060
938, 2896880
939, 2981470
940, 2943860
941, 2952750
942, 2969000
943, 2943210
944, 2941450
945, 2991600
946, 2958030
947, 3010180
948, 2928900
949, 2983820
950, 2975730
951, 3024130
952, 3006080
953, 3034000
954, 3052460
955, 3042860
956, 3108560
957, 3076600
958, 2939810
959, 3014180
960, 3111890
961, 3058340
962, 3030470
963, 3011570
964, 3071670
965, 3098230
966, 3143300
967, 3140570
968, 3072180
969, 3111290
970, 3087760
971, 3199470
972, 3105730
973, 3127440
974, 3149120
975, 3133450
976, 3173450
977, 3216490
978, 3200680
979, 3363890
980, 3115880
981, 3224760
982, 3228440
983, 3259650
984, 3154440
985, 3163560
986, 3262040
987, 3272360
988, 3241060
989, 3176200
990, 3339280
991, 3279370
992, 3260980
993, 3198930
994, 3299680
995, 3344260
996, 3236760
997, 3209210
998, 3316950
999, 3252580
