Element Count, Quick Sort - Random
10, 360
11, 410
12, 340
13, 600
14, 450
15, 500
16, 490
17, 710
18, 890
19, 810
20, 710
21, 680
22, 790
23, 910
24, 1190
25, 800
26, 980
27, 800
28, 1030
29, 910
30, 820
31, 980
32, 1430
33, 1300
34, 1180
35, 1400
36, 1400
37, 1620
38, 1450
39, 1610
40, 1640
41, 1810
42, 1750
43, 2670
44, 2820
45, 3860
46, 2730
47, 2740
48, 3000
49, 3730
50, 2830
51, 3430
52, 2850
53, 3030
54, 3900
55, 3770
56, 3310
57, 3280
58, 3340
59, 3520
60, 4380
61, 4110
62, 4100
63, 4370
64, 4200
65, 4380
66, 4930
67, 4430
68, 3930
69, 4740
70, 5760
71, 5590
72, 4190
73, 4420
74, 5250
75, 4950
76, 5980
77, 4850
78, 6150
79, 5650
80, 5250
81, 6420
82, 6890
83, 6230
84, 6420
85, 5410
86, 7060
87, 6170
88, 4460
89, 4410
90, 5600
91, 4960
92, 5560
93, 4920
94, 4470
95, 4790
96, 5550
97, 6200
98, 6300
99, 6110
100, 6970
101, 7960
102, 7460
103, 7820
104, 6520
105, 7440
106, 6580
107, 7620
108, 11050
109, 9740
110, 9170
111, 9160
112, 9390
113, 10690
114, 8000
115, 8060
116, 8050
117, 9170
118, 9790
119, 8490
120, 9590
121, 9350
122, 9300
123, 10170
124, 9060
125, 9900
126, 8670
127, 11620
128, 9730
129, 8400
130, 7600
131, 6680
132, 8670
133, 7440
134, 6940
135, 8370
136, 7250
137, 6890
138, 7150
139, 6640
140, 7450
141, 7520
142, 8160
143, 6650
144, 10100
145, 7230
146, 7770
147, 7510
148, 7630
149, 8460
150, 8550
151, 8160
152, 10020
153, 8270
154, 9160
155, 8270
156, 7780
157, 7930
158, 9520
159, 8800
160, 9580
161, 8470
162, 8480
163, 10180
164, 10520
165, 13330
166, 9190
167, 9960
168, 9550
169, 10020
170, 8850
171, 10150
172, 10680
173, 14630
174, 14820
175, 13440
176, 11790
177, 12640
178, 11170
179, 11710
180, 12730
181, 11100
182, 10370
183, 14430
184, 10140
185, 10170
186, 10570
187, 12150
188, 10060
189, 12390
190, 10650
191, 12570
192, 12760
193, 10500
194, 11220
195, 11480
196, 11740
197, 10830
198, 12290
199, 10720
200, 12160
201, 12320
202, 13370
203, 12280
204, 12070
205, 13420
206, 11740
207, 90740
208, 12220
209, 11230
210, 11760
211, 12490
212, 11180
213, 12400
214, 13190
215, 13450
216, 12780
217, 13400
218, 13350
219, 12350
220, 17840
221, 22810
222, 14700
223, 16770
224, 13140
225, 21100
226, 19730
227, 15860
228, 16280
229, 13640
230, 13630
231, 13600
232, 14930
233, 13920
234, 14220
235, 14680
236, 14350
237, 15730
238, 15110
239, 15750
240, 14560
241, 14120
242, 14940
243, 14640
244, 14350
245, 15200
246, 15300
247, 15170
248, 15330
249, 14940
250, 16740
251, 16080
252, 14500
253, 14770
254, 16270
255, 16390
256, 14700
257, 17160
258, 16920
259, 17740
260, 16700
261, 15610
262, 18110
263, 15670
264, 15630
265, 17110
266, 21710
267, 21580
268, 24670
269, 20660
270, 20820
271, 17640
272, 20280
273, 20480
274, 18800
275, 20570
276, 17620
277, 19960
278, 21130
279, 19380
280, 21580
281, 19560
282, 24500
283, 18220
284, 17870
285, 20200
286, 20770
287, 16540
288, 18430
289, 17290
290, 17360
291, 19910
292, 17480
293, 18210
294, 19160
295, 20370
296, 23430
297, 19310
298, 18920
299, 18430
300, 19210
301, 19360
302, 19950
303, 19790
304, 22820
305, 20320
306, 20880
307, 22880
308, 20130
309, 19060
310, 22370
311, 26640
312, 23810
313, 22650
314, 23140
315, 24250
316, 26910
317, 25230
318, 22770
319, 21030
320, 21690
321, 25570
322, 22060
323, 22860
324, 24440
325, 22560
326, 21790
327, 23710
328, 21590
329, 25140
330, 22800
331, 26040
332, 24120
333, 20850
334, 24510
335, 23030
336, 22450
337, 20700
338, 23630
339, 23300
340, 25290
341, 26260
342, 22250
343, 23710
344, 25910
345, 23670
346, 26060
347, 24380
348, 32170
349, 27610
350, 37940
351, 34890
352, 34850
353, 32150
354, 28360
355, 27670
356, 45880
357, 31480
358, 32870
359, 31870
360, 29010
361, 25410
362, 32190
363, 25370
364, 24180
365, 25550
366, 25480
367, 24600
368, 27050
369, 25530
370, 33510
371, 30730
372, 27290
373, 28550
374, 27190
375, 26670
376, 27910
377, 32320
378, 46570
379, 32760
380, 35610
381, 30670
382, 35170
383, 27260
384, 35170
385, 29830
386, 34890
387, 37540
388, 34410
389, 43420
390, 36910
391, 25410
392, 28980
393, 45040
394, 30430
395, 29490
396, 31260
397, 32660
398, 31810
399, 29020
400, 27030
401, 30730
402, 27310
403, 30860
404, 38220
405, 31990
406, 34540
407, 32620
408, 29940
409, 27690
410, 33160
411, 37770
412, 35020
413, 31190
414, 32970
415, 31870
416, 29740
417, 28490
418, 31280
419, 30920
420, 34350
421, 33190
422, 31730
423, 29270
424, 28400
425, 30350
426, 30980
427, 28990
428, 28820
429, 33220
430, 35180
431, 31300
432, 33180
433, 44630
434, 31930
435, 31340
436, 41460
437, 35380
438, 30610
439, 45890
440, 39820
441, 37310
442, 29930
443, 36590
444, 31530
445, 33250
446, 33830
447, 31460
448, 31230
449, 34510
450, 33260
451, 33960
452, 32130
453, 31850
454, 29430
455, 33030
456, 36270
457, 35600
458, 33810
459, 36280
460, 42000
461, 39440
462, 33890
463, 42580
464, 33490
465, 33750
466, 31420
467, 32530
468, 34030
469, 34800
470, 30470
471, 33660
472, 34070
473, 35480
474, 31440
475, 35740
476, 36610
477, 37840
478, 34490
479, 36870
480, 37010
481, 40330
482, 36250
483, 35520
484, 37240
485, 32410
486, 35320
487, 47150
488, 41470
489, 46700
490, 43290
491, 35040
492, 36770
493, 39470
494, 36910
495, 37000
496, 38860
497, 37650
498, 37920
499, 36790
500, 43000
501, 36810
502, 40610
503, 36250
504, 40960
505, 44570
506, 38050
507, 39170
508, 38800
509, 39700
510, 41250
511, 48160
512, 44670
513, 42160
514, 40330
515, 42410
516, 46040
517, 37360
518, 39730
519, 41820
520, 37950
521, 37910
522, 39770
523, 40930
524, 41220
525, 35350
526, 40040
527, 42420
528, 39120
529, 40130
530, 44140
531, 43210
532, 43200
533, 43790
534, 52850
535, 40810
536, 46570
537, 40750
538, 41320
539, 39260
540, 45260
541, 40880
542, 41610
543, 42380
544, 42460
545, 39060
546, 43000
547, 41110
548, 46250
549, 43050
550, 47950
551, 45510
552, 39140
553, 40380
554, 44790
555, 45030
556, 46330
557, 47940
558, 43030
559, 46050
560, 41540
561, 40570
562, 40370
563, 47320
564, 41230
565, 39270
566, 44370
567, 45140
568, 44910
569, 41700
570, 43480
571, 45970
572, 44880
573, 44250
574, 40110
575, 45850
576, 49300
577, 59720
578, 51260
579, 67290
580, 53700
581, 50140
582, 50400
583, 57120
584, 55990
585, 49900
586, 48510
587, 49750
588, 53160
589, 54230
590, 53030
591, 60000
592, 59090
593, 55680
594, 58230
595, 79640
596, 65270
597, 56880
598, 63110
599, 55600
600, 64200
601, 60010
602, 50430
603, 57880
604, 69020
605, 63910
606, 48690
607, 49600
608, 45350
609, 50350
610, 51560
611, 53130
612, 55630
613, 69650
614, 60640
615, 60540
616, 68110
617, 71330
618, 70560
619, 85410
620, 71000
621, 68050
622, 67200
623, 72490
624, 66570
625, 56550
626, 49060
627, 52990
628, 59330
629, 49230
630, 48130
631, 53090
632, 52820
633, 46550
634, 55810
635, 52680
636, 47470
637, 51830
638, 49660
639, 51310
640, 56040
641, 53720
642, 48420
643, 51880
644, 46990
645, 55390
646, 58900
647, 60240
648, 54660
649, 51870
650, 51120
651, 58700
652, 51800
653, 49130
654, 49740
655, 51900
656, 53390
657, 49530
658, 49160
659, 47550
660, 50080
661, 55530
662, 57120
663, 66670
664, 59000
665, 51300
666, 53070
667, 54240
668, 52930
669, 80170
670, 69650
671, 54180
672, 57890
673, 64320
674, 53960
675, 80210
676, 77480
677, 77740
678, 82680
679, 83220
680, 71090
681, 76190
682, 57400
683, 54440
684, 57860
685, 55100
686, 69770
687, 60450
688, 54700
689, 68080
690, 73240
691, 63900
692, 63580
693, 71380
694, 67120
695, 60950
696, 54060
697, 57210
698, 75660
699, 72700
700, 80010
701, 78070
702, 70220
703, 76790
704, 75830
705, 81220
706, 71060
707, 66490
708, 70390
709, 71990
710, 81360
711, 76630
712, 75800
713, 77820
714, 80770
715, 74050
716, 76530
717, 77290
718, 81370
719, 79640
720, 81500
721, 81850
722, 67070
723, 55490
724, 82730
725, 86090
726, 88890
727, 84930
728, 87730
729, 78110
730, 98500
731, 86320
732, 74100
733, 74080
734, 67180
735, 72420
736, 55940
737, 65450
738, 67510
739, 63260
740, 60040
741, 57110
742, 65080
743, 61100
744, 56550
745, 93160
746, 76620
747, 83480
748, 87620
749, 101790
750, 72550
751, 83510
752, 74380
753, 84240
754, 87920
755, 102900
756, 95090
757, 85340
758, 88590
759, 89860
760, 96520
761, 86640
762, 89900
763, 83590
764, 77030
765, 105750
766, 93020
767, 99050
768, 105780
769, 106110
770, 99430
771, 101530
772, 94880
773, 125370
774, 97180
775, 94330
776, 96360
777, 103730
778, 95480
779, 101930
780, 113300
781, 99680
782, 94080
783, 97880
784, 101780
785, 100310
786, 99010
787, 98700
788, 93920
789, 97790
790, 127850
791, 96160
792, 92580
793, 99410
794, 111980
795, 99180
796, 121300
797, 104520
798, 109470
799, 95460
800, 108700
801, 105580
802, 99740
803, 94000
804, 101980
805, 98490
806, 96590
807, 90310
808, 84100
809, 96500
810, 91300
811, 79130
812, 107000
813, 110330
814, 104560
815, 93180
816, 95480
817, 99990
818, 114010
819, 103620
820, 91940
821, 90170
822, 97150
823, 109220
824, 100480
825, 102960
826, 93760
827, 92440
828, 96750
829, 91690
830, 99820
831, 104040
832, 95110
833, 99500
834, 96260
835, 81170
836, 73690
837, 84740
838, 76720
839, 72190
840, 84810
841, 113790
842, 82320
843, 86190
844, 86660
845, 89670
846, 99010
847, 102580
848, 78410
849, 69160
850, 71940
851, 71720
852, 67460
853, 75870
854, 106140
855, 78900
856, 77670
857, 75930
858, 84220
859, 92060
860, 88590
861, 102630
862, 96000
863, 78400
864, 99010
865, 115860
866, 86010
867, 76960
868, 84150
869, 95320
870, 113780
871, 103610
872, 105790
873, 104090
874, 82720
875, 90770
876, 87970
877, 89450
878, 80400
879, 75710
880, 88640
881, 115090
882, 81130
883, 79930
884, 85810
885, 111560
886, 83430
887, 92160
888, 84390
889, 90120
890, 84080
891, 104090
892, 109780
893, 119300
894, 128970
895, 113270
896, 110200
897, 87420
898, 112370
899, 95610
900, 107680
901, 112120
902, 107080
903, 81200
904, 91200
905, 127290
906, 116980
907, 116100
908, 79550
909, 81010
910, 78970
911, 74070
912, 79590
913, 76930
914, 94720
915, 79690
916, 81740
917, 95010
918, 105430
919, 107810
920, 93490
921, 103020
922, 118690
923, 95290
924, 89760
925, 94900
926, 86000
927, 95880
928, 104960
929, 116660
930, 87940
931, 90840
932, 86150
933, 114700
934, 119880
935, 111730
936, 90000
937, 93300
938, 109570
939, 92890
940, 98210
941, 102610
942, 95270
943, 105540
944, 100510
945, 117920
946, 111710
947, 120390
948, 135450
949, 91330
950, 119020
951, 119600
952, 137440
953, 114060
954, 132210
955, 138080
956, 125910
957, 118610
958, 119790
959, 130050
960, 119230
961, 137370
962, 151820
963, 130290
964, 128100
965, 122020
966, 141310
967, 146690
968, 142850
969, 131500
970, 129940
971, 144620
972, 144130
973, 130190
974, 122430
975, 135450
976, 101480
977, 121300
978, 118030
979, 121900
980, 118160
981, 108470
982, 120610
983, 131510
984, 116110
985, 95410
986, 103810
987, 100140
988, 135790
989, 120140
990, 105640
991, 104450
992, 117750
993, 99370
994, 140130
995, 130730
996, 143530
997, 120470
998, 116730
999, 114070
