Element Count, Selection Sort - Ascending
10, 550
11, 540
12, 580
13, 740
14, 780
15, 850
16, 970
17, 980
18, 1040
19, 1020
20, 1130
21, 1250
22, 1340
23, 1490
24, 1580
25, 1700
26, 1830
27, 1980
28, 2110
29, 2260
30, 2470
31, 2580
32, 2730
33, 2900
34, 3060
35, 3220
36, 3440
37, 3620
38, 3750
39, 4020
40, 4200
41, 4410
42, 4590
43, 4820
44, 5230
45, 6610
46, 6890
47, 7180
48, 7460
49, 7770
50, 8130
51, 8410
52, 8060
53, 7240
54, 7590
55, 7810
56, 8150
57, 8390
58, 8690
59, 10930
60, 9320
61, 9660
62, 10000
63, 11070
64, 10600
65, 11260
66, 11230
67, 11570
68, 11930
69, 12300
70, 12600
71, 12980
72, 13980
73, 13930
74, 14290
75, 17390
76, 15160
77, 15580
78, 15920
79, 16790
80, 16470
81, 16880
82, 17300
83, 17780
84, 18170
85, 18650
86, 19740
87, 19440
88, 19880
89, 20360
90, 21870
91, 23860
92, 23050
93, 22170
94, 22620
95, 23100
96, 23570
97, 24680
98, 24560
99, 24990
100, 25520
101, 26060
102, 26820
103, 27090
104, 27570
105, 28100
106, 28660
107, 29580
108, 29670
109, 30280
110, 30900
111, 31400
112, 35820
113, 32490
114, 33110
115, 33630
116, 35080
117, 36480
118, 35710
119, 36380
120, 36960
121, 37160
122, 37850
123, 39350
124, 39040
125, 39640
126, 40290
127, 41800
128, 41560
129, 42160
130, 42840
131, 43470
132, 44130
133, 44810
134, 45870
135, 46240
136, 46940
137, 47560
138, 48200
139, 48910
140, 51390
141, 50440
142, 51650
143, 52440
144, 52380
145, 53140
146, 54840
147, 55310
148, 57310
149, 57770
150, 57610
151, 58020
152, 58740
153, 59120
154, 60460
155, 60750
156, 62020
157, 62150
158, 62970
159, 64280
160, 64790
161, 71990
162, 72680
163, 103420
164, 110890
165, 113070
166, 109740
167, 106170
168, 80230
169, 71970
170, 73510
171, 73560
172, 74820
173, 75270
174, 76500
175, 77060
176, 78230
177, 88710
178, 79860
179, 81270
180, 81500
181, 82800
182, 83350
183, 84720
184, 85080
185, 86060
186, 87050
187, 88230
188, 88800
189, 90150
190, 90710
191, 93690
192, 92660
193, 102540
194, 95470
195, 95530
196, 96960
197, 97680
198, 98760
199, 99780
200, 100550
201, 106130
202, 103240
203, 105980
204, 109110
205, 109030
206, 106550
207, 121970
208, 119880
209, 110780
210, 110740
211, 111860
212, 115890
213, 120940
214, 117650
215, 116220
216, 118870
217, 118650
218, 120800
219, 121420
220, 122350
221, 123250
222, 126640
223, 126380
224, 126630
225, 127220
226, 129160
227, 133490
228, 131280
229, 133550
230, 133180
231, 134830
232, 135930
233, 137000
234, 137660
235, 139480
236, 142730
237, 144570
238, 142670
239, 143140
240, 144470
241, 146010
242, 148850
243, 159900
244, 149760
245, 151820
246, 156390
247, 153020
248, 154030
249, 156180
250, 157520
251, 164050
252, 159570
253, 162310
254, 164300
255, 164990
256, 164360
257, 165500
258, 167920
259, 170180
260, 169440
261, 173740
262, 172640
263, 179970
264, 175960
265, 176110
266, 177950
267, 179740
268, 180210
269, 182180
270, 183340
271, 193920
272, 185570
273, 186780
274, 188780
275, 199090
276, 190850
277, 195900
278, 194340
279, 194870
280, 196870
281, 197530
282, 204990
283, 202250
284, 202180
285, 203200
286, 204560
287, 207200
288, 208380
289, 227330
290, 234000
291, 223910
292, 213890
293, 218220
294, 216410
295, 226800
296, 274750
297, 270770
298, 243390
299, 233980
300, 236810
301, 226510
302, 232040
303, 233070
304, 246350
305, 260550
306, 261300
307, 259420
308, 256750
309, 253460
310, 251790
311, 257340
312, 259890
313, 275220
314, 386990
315, 260730
316, 253000
317, 253320
318, 255390
319, 319990
320, 268650
321, 267040
322, 268880
323, 274820
324, 315200
325, 313650
326, 300570
327, 306970
328, 324840
329, 350510
330, 320670
331, 305790
332, 302940
333, 309600
334, 312040
335, 295420
336, 290660
337, 302950
338, 312360
339, 311540
340, 311350
341, 298500
342, 302230
343, 299310
344, 364490
345, 297060
346, 301910
347, 302530
348, 308510
349, 311080
350, 309160
351, 307020
352, 313050
353, 362920
354, 312410
355, 315860
356, 317400
357, 322240
358, 352300
359, 331450
360, 326180
361, 327790
362, 371560
363, 340620
364, 349710
365, 334960
366, 348000
367, 349010
368, 338220
369, 339980
370, 344790
371, 374110
372, 350220
373, 347560
374, 359310
375, 423660
376, 356040
377, 359210
378, 360240
379, 364370
380, 360530
381, 364130
382, 368520
383, 378040
384, 367820
385, 373550
386, 374460
387, 399800
388, 375620
389, 377600
390, 385210
391, 386650
392, 383640
393, 386540
394, 390710
395, 458420
396, 414990
397, 396590
398, 402100
399, 416320
400, 399090
401, 401350
402, 422480
403, 549290
404, 505850
405, 415770
406, 417600
407, 415350
408, 421150
409, 438660
410, 419970
411, 421460
412, 425040
413, 429820
414, 427580
415, 437530
416, 442010
417, 434850
418, 490500
419, 437690
420, 445940
421, 450740
422, 448450
423, 454700
424, 452480
425, 452540
426, 453280
427, 468420
428, 458170
429, 462060
430, 499560
431, 501470
432, 470940
433, 480550
434, 470300
435, 471860
436, 487670
437, 503390
438, 490180
439, 485210
440, 484010
441, 487370
442, 503930
443, 502440
444, 497250
445, 504890
446, 507180
447, 505220
448, 499010
449, 510560
450, 506290
451, 512600
452, 516530
453, 514210
454, 519110
455, 521810
456, 519270
457, 526240
458, 532500
459, 526920
460, 546470
461, 536470
462, 532120
463, 553820
464, 542750
465, 545690
466, 555380
467, 544950
468, 558980
469, 557770
470, 557940
471, 557910
472, 563070
473, 574680
474, 569840
475, 561810
476, 569770
477, 593930
478, 576080
479, 588840
480, 580680
481, 592350
482, 595220
483, 589780
484, 600760
485, 599060
486, 775050
487, 685670
488, 617340
489, 610860
490, 601140
491, 600240
492, 611930
493, 617690
494, 615160
495, 619930
496, 617850
497, 614510
498, 623530
499, 623520
500, 635680
501, 626270
502, 660500
503, 631480
504, 641020
505, 640190
506, 639330
507, 656610
508, 643020
509, 659500
510, 651790
511, 664070
512, 657090
513, 662060
514, 661220
515, 663940
516, 675770
517, 668070
518, 671170
519, 673820
520, 679280
521, 681920
522, 682190
523, 690370
524, 685070
525, 698230
526, 710300
527, 694480
528, 698540
529, 703850
530, 706600
531, 705610
532, 722850
533, 708990
534, 748070
535, 713960
536, 727040
537, 720560
538, 727280
539, 730520
540, 732460
541, 766980
542, 737200
543, 767520
544, 740830
545, 767900
546, 746970
547, 757400
548, 751640
549, 772830
550, 757870
551, 784380
552, 795200
553, 914990
554, 892970
555, 898330
556, 923030
557, 891680
558, 813450
559, 777850
560, 808020
561, 790160
562, 798000
563, 793060
564, 795190
565, 795110
566, 803570
567, 805700
568, 830780
569, 813290
570, 816750
571, 820160
572, 823930
573, 827880
574, 824590
575, 827110
576, 832580
577, 840510
578, 836090
579, 835910
580, 844460
581, 853650
582, 912810
583, 863710
584, 861610
585, 856510
586, 856010
587, 975820
588, 1277830
589, 919380
590, 872020
591, 875720
592, 878300
593, 886060
594, 884590
595, 884680
596, 884320
597, 909810
598, 911220
599, 903860
600, 920170
601, 900360
602, 913220
603, 915620
604, 917900
605, 920040
606, 917620
607, 927060
608, 940190
609, 932900
610, 940880
611, 943640
612, 962240
613, 948920
614, 963570
615, 997190
616, 962730
617, 990650
618, 995730
619, 975790
620, 973400
621, 964350
622, 979130
623, 1003410
624, 969730
625, 1019120
626, 983570
627, 975760
628, 1005760
629, 1001410
630, 990000
631, 1014790
632, 1009580
633, 999740
634, 1007770
635, 1037020
636, 1004690
637, 1049520
638, 1033810
639, 1021090
640, 1027380
641, 1036130
642, 1030270
643, 1032210
644, 1059650
645, 1040890
646, 1072400
647, 1053370
648, 1052730
649, 1053870
650, 1065630
651, 1065370
652, 1064760
653, 1063050
654, 1070680
655, 1070660
656, 1073570
657, 1084580
658, 1086490
659, 1080890
660, 1088550
661, 1263240
662, 1092320
663, 1098630
664, 1097550
665, 1107470
666, 1106510
667, 1104980
668, 1111280
669, 1119160
670, 1220940
671, 1123730
672, 1131320
673, 1133840
674, 1144330
675, 1133030
676, 1136320
677, 1155610
678, 1157900
679, 1156650
680, 1152720
681, 1158580
682, 1164620
683, 1173370
684, 1165500
685, 1176590
686, 1179050
687, 1192470
688, 1188330
689, 1216770
690, 1202640
691, 1194010
692, 1192480
693, 1547650
694, 1201150
695, 1213720
696, 1210930
697, 1213920
698, 1219040
699, 1273710
700, 1243760
701, 1225280
702, 1233580
703, 1235730
704, 1245930
705, 1548170
706, 1250320
707, 1247350
708, 1257650
709, 1254680
710, 1253900
711, 1272790
712, 1278080
713, 1273290
714, 1274710
715, 1280100
716, 1305220
717, 1292970
718, 1312390
719, 1285580
720, 1303340
721, 1293740
722, 1298690
723, 1308650
724, 1307920
725, 1339100
726, 1318690
727, 1323770
728, 1340430
729, 1324430
730, 1347720
731, 1332060
732, 1342800
733, 1398230
734, 1432720
735, 1428840
736, 1366830
737, 1418870
738, 1400580
739, 1376120
740, 1384130
741, 1375700
742, 1379480
743, 1383870
744, 1382560
745, 1413500
746, 1389970
747, 1406790
748, 1430620
749, 1465310
750, 1410820
751, 1425360
752, 1417520
753, 1429880
754, 1429440
755, 1430160
756, 1435430
757, 1448700
758, 1436510
759, 1448770
760, 1444000
761, 1455320
762, 1450970
763, 1372620
764, 1400560
765, 1390430
766, 1399140
767, 1402280
768, 1407860
769, 1401220
770, 1426200
771, 1414130
772, 1421490
773, 1439590
774, 1439880
775, 1434840
776, 1439560
777, 1446300
778, 1603160
779, 1518200
780, 1512140
781, 1520900
782, 1481950
783, 1458350
784, 1464600
785, 1474470
786, 1472140
787, 1488760
788, 1466550
789, 1481890
790, 1501390
791, 1485450
792, 1492780
793, 1499210
794, 1517360
795, 1494210
796, 1504520
797, 1556200
798, 1517680
799, 1535070
800, 1539830
801, 1544720
802, 1528980
803, 1552600
804, 1627920
805, 1574490
806, 1568570
807, 1567570
808, 1563070
809, 1556030
810, 1565980
811, 1562580
812, 1570240
813, 1593670
814, 1582320
815, 1589670
816, 1621100
817, 1593370
818, 1602910
819, 1591680
820, 1594920
821, 1598570
822, 1602850
823, 1603210
824, 1611840
825, 1620510
826, 1624250
827, 1622950
828, 1624310
829, 1634360
830, 1636250
831, 1649960
832, 1642320
833, 1643560
834, 1667640
835, 1677970
836, 1685110
837, 1675170
838, 1680710
839, 1669680
840, 1677880
841, 1681100
842, 1689980
843, 1679830
844, 1698850
845, 1696870
846, 1689630
847, 1713440
848, 1713160
849, 1712780
850, 1722580
851, 1715020
852, 1713930
853, 1748990
854, 1734050
855, 1728640
856, 1730700
857, 1748570
858, 1768990
859, 1767190
860, 1754780
861, 1749430
862, 1763100
863, 1765140
864, 1763110
865, 1783830
866, 1780590
867, 1785350
868, 1783290
869, 1787600
870, 1798790
871, 1804290
872, 1803740
873, 1830650
874, 1847810
875, 1864050
876, 1826900
877, 1820640
878, 1832650
879, 1829800
880, 1843810
881, 1833220
882, 1866590
883, 1887630
884, 1896200
885, 1845570
886, 1871470
887, 1859370
888, 1869540
889, 1872490
890, 1888980
891, 1890270
892, 1895250
893, 1888310
894, 1898740
895, 1896170
896, 1898450
897, 1902480
898, 1902620
899, 1913390
900, 1939740
901, 1956060
902, 1947010
903, 1945930
904, 1958400
905, 1971880
906, 1974470
907, 1972840
908, 1988380
909, 2015980
910, 1996040
911, 1994310
912, 2014090
913, 2012320
914, 2019710
915, 2017150
916, 2010680
917, 2031210
918, 2027950
919, 2035100
920, 2068160
921, 2336030
922, 2288200
923, 2343540
924, 2128970
925, 2086010
926, 2090980
927, 2086530
928, 2283830
929, 2100630
930, 2059820
931, 2072610
932, 2066560
933, 2315840
934, 2073800
935, 2095060
936, 2110310
937, 2216220
938, 2378600
939, 2198610
940, 2271650
941, 2211280
942, 2212800
943, 2132400
944, 2118410
945, 2136320
946, 2134150
947, 2445290
948, 2441080
949, 2143950
950, 2157080
951, 2241210
952, 2152850
953, 2160040
954, 2182360
955, 2184420
956, 2164530
957, 2178520
958, 2172310
959, 2167630
960, 2177150
961, 2336320
962, 2194510
963, 2211660
964, 2199160
965, 2206540
966, 2239970
967, 2350470
968, 2254490
969, 2232460
970, 2267020
971, 2257050
972, 2243180
973, 2249120
974, 2245120
975, 2256960
976, 2252510
977, 2278780
978, 2434620
979, 2468130
980, 2383920
981, 2338490
982, 2290860
983, 2291660
984, 2302180
985, 2303430
986, 2303550
987, 2307840
988, 2307070
989, 2312030
990, 2321230
991, 2342810
992, 2332930
993, 2336210
994, 2339650
995, 2360540
996, 2354350
997, 2363130
998, 2405290
999, 2372860
