Element Count, Selection Sort - Descending
10, 610
11, 500
12, 700
13, 600
14, 630
15, 690
16, 780
17, 850
18, 950
19, 1040
20, 1120
21, 1270
22, 1380
23, 1470
24, 1610
25, 1720
26, 2190
27, 2470
28, 2070
29, 2230
30, 2380
31, 2550
32, 2700
33, 2900
34, 3060
35, 3230
36, 3410
37, 3600
38, 3760
39, 4000
40, 4160
41, 4330
42, 4540
43, 4800
44, 5020
45, 5660
46, 5530
47, 5780
48, 6030
49, 6270
50, 6540
51, 6770
52, 7020
53, 7220
54, 7430
55, 7680
56, 8410
57, 8270
58, 8610
59, 8920
60, 9140
61, 9370
62, 9720
63, 10020
64, 10340
65, 10550
66, 11300
67, 11830
68, 12750
69, 11830
70, 12920
71, 12580
72, 13480
73, 13350
74, 13650
75, 14560
76, 14310
77, 14710
78, 15030
79, 15470
80, 15910
81, 16230
82, 16670
83, 17000
84, 17390
85, 17900
86, 18210
87, 18730
88, 19670
89, 19830
90, 20250
91, 20700
92, 21710
93, 21910
94, 22500
95, 23310
96, 26860
97, 24670
98, 25700
99, 24930
100, 27480
101, 26010
102, 27280
103, 26210
104, 27330
105, 28470
106, 28090
107, 28970
108, 29800
109, 30230
110, 31090
111, 32560
112, 32350
113, 31790
114, 32690
115, 32730
116, 33430
117, 34140
118, 35070
119, 37090
120, 45680
121, 45510
122, 43090
123, 47970
124, 38850
125, 40440
126, 41400
127, 42320
128, 42810
129, 42870
130, 44640
131, 43650
132, 44740
133, 45840
134, 45100
135, 159140
136, 45630
137, 46850
138, 48120
139, 49750
140, 50820
141, 50890
142, 51680
143, 52630
144, 55530
145, 54250
146, 55460
147, 55510
148, 56220
149, 57170
150, 58500
151, 59130
152, 59280
153, 60310
154, 61590
155, 61820
156, 62900
157, 63250
158, 64050
159, 65540
160, 66200
161, 67090
162, 67540
163, 68500
164, 69580
165, 70630
166, 71350
167, 72660
168, 75930
169, 73610
170, 76120
171, 75070
172, 76830
173, 77180
174, 77910
175, 79310
176, 80830
177, 80640
178, 81910
179, 82570
180, 83780
181, 98760
182, 92940
183, 89250
184, 87120
185, 88040
186, 89910
187, 90900
188, 90860
189, 92300
190, 92840
191, 93680
192, 94530
193, 95930
194, 98170
195, 98830
196, 105420
197, 100540
198, 100940
199, 102280
200, 102700
201, 104800
202, 108870
203, 112300
204, 116720
205, 110500
206, 109260
207, 110660
208, 111530
209, 116620
210, 114870
211, 118070
212, 115700
213, 121510
214, 118590
215, 119350
216, 120290
217, 124860
218, 122720
219, 123320
220, 125510
221, 129790
222, 128010
223, 128120
224, 130310
225, 131030
226, 132490
227, 132540
228, 133710
229, 134510
230, 137140
231, 140220
232, 162070
233, 140330
234, 141580
235, 141640
236, 148380
237, 146580
238, 146260
239, 180580
240, 230100
241, 234640
242, 230490
243, 195890
244, 204350
245, 256370
246, 218050
247, 229800
248, 236980
249, 235110
250, 230130
251, 242680
252, 205600
253, 225990
254, 301220
255, 246610
256, 265270
257, 257170
258, 333880
259, 309890
260, 260690
261, 220710
262, 206950
263, 264530
264, 216130
265, 236000
266, 261790
267, 257950
268, 338650
269, 273330
270, 377550
271, 322430
272, 285740
273, 228050
274, 222070
275, 250000
276, 255850
277, 233570
278, 258350
279, 279840
280, 251260
281, 269000
282, 268730
283, 248860
284, 271170
285, 284180
286, 298360
287, 296480
288, 301850
289, 288560
290, 265960
291, 254480
292, 255140
293, 253110
294, 251540
295, 244400
296, 238440
297, 241630
298, 242370
299, 241720
300, 239700
301, 239120
302, 240110
303, 247920
304, 244810
305, 248890
306, 249930
307, 250550
308, 252410
309, 256980
310, 254980
311, 256110
312, 264110
313, 260020
314, 261550
315, 265290
316, 264800
317, 264740
318, 266890
319, 267140
320, 288370
321, 297890
322, 289300
323, 287450
324, 276380
325, 288110
326, 280220
327, 281990
328, 283980
329, 284400
330, 308020
331, 294990
332, 293770
333, 294160
334, 294310
335, 301960
336, 299570
337, 298970
338, 302390
339, 300260
340, 313910
341, 308370
342, 327670
343, 316790
344, 320290
345, 322130
346, 325530
347, 331820
348, 334390
349, 349050
350, 369990
351, 384350
352, 376350
353, 382140
354, 375490
355, 364680
356, 360660
357, 354660
358, 361880
359, 433690
360, 386020
361, 366800
362, 360130
363, 346360
364, 342170
365, 343810
366, 391750
367, 356590
368, 359980
369, 351540
370, 356840
371, 365880
372, 356800
373, 358040
374, 359030
375, 435380
376, 399080
377, 395160
378, 452680
379, 436760
380, 427890
381, 423400
382, 441570
383, 404900
384, 394720
385, 434360
386, 438430
387, 439810
388, 429450
389, 433610
390, 413370
391, 410720
392, 416500
393, 402240
394, 399450
395, 415990
396, 406410
397, 403860
398, 410490
399, 417370
400, 414930
401, 413440
402, 421980
403, 416460
404, 425270
405, 427150
406, 427010
407, 432140
408, 429180
409, 431740
410, 430070
411, 449280
412, 440510
413, 436260
414, 447080
415, 451110
416, 451660
417, 453840
418, 461050
419, 455570
420, 454630
421, 471190
422, 466330
423, 463600
424, 472540
425, 467220
426, 471070
427, 479250
428, 481040
429, 480860
430, 487150
431, 489060
432, 484310
433, 491620
434, 509460
435, 491660
436, 497890
437, 493350
438, 496940
439, 505600
440, 515590
441, 503820
442, 510840
443, 510580
444, 512310
445, 515810
446, 514520
447, 518220
448, 526050
449, 523350
450, 526080
451, 533380
452, 533010
453, 537670
454, 532920
455, 537160
456, 543230
457, 552480
458, 547050
459, 581160
460, 547760
461, 560940
462, 544780
463, 546980
464, 554970
465, 553610
466, 557620
467, 564520
468, 565660
469, 582100
470, 565060
471, 564310
472, 571130
473, 569870
474, 598810
475, 576820
476, 581970
477, 604340
478, 584320
479, 605900
480, 592740
481, 589150
482, 603330
483, 599490
484, 612080
485, 604580
486, 605510
487, 661330
488, 608410
489, 635470
490, 617450
491, 668060
492, 677910
493, 630510
494, 629930
495, 677920
496, 725080
497, 756520
498, 1057270
499, 646580
500, 640360
501, 647690
502, 654050
503, 656190
504, 681120
505, 707420
506, 777920
507, 700090
508, 697540
509, 667600
510, 688790
511, 667860
512, 687540
513, 672080
514, 705330
515, 675980
516, 695290
517, 821070
518, 1197000
519, 1250860
520, 1197010
521, 849310
522, 757270
523, 714590
524, 726190
525, 728010
526, 722470
527, 722910
528, 719680
529, 720410
530, 729210
531, 740520
532, 732650
533, 763910
534, 739920
535, 880670
536, 816100
537, 829180
538, 945620
539, 937280
540, 878740
541, 864940
542, 826350
543, 783640
544, 763540
545, 758850
546, 760500
547, 765780
548, 766750
549, 767310
550, 785180
551, 775790
552, 782430
553, 777800
554, 785110
555, 782840
556, 798140
557, 790930
558, 809100
559, 794610
560, 814560
561, 803420
562, 802570
563, 824640
564, 830080
565, 794260
566, 805680
567, 802940
568, 819400
569, 819540
570, 819540
571, 834840
572, 824830
573, 807410
574, 974800
575, 836130
576, 859080
577, 864260
578, 860130
579, 893880
580, 868730
581, 869660
582, 870530
583, 891100
584, 879690
585, 894020
586, 894070
587, 902880
588, 886160
589, 890490
590, 891640
591, 887770
592, 1041180
593, 909420
594, 911660
595, 908560
596, 909070
597, 918560
598, 909570
599, 871580
600, 889220
601, 885700
602, 889590
603, 885060
604, 904910
605, 899910
606, 887330
607, 893100
608, 894320
609, 1001120
610, 927740
611, 939470
612, 938520
613, 1088070
614, 970170
615, 975080
616, 974800
617, 974750
618, 942580
619, 939660
620, 940600
621, 938590
622, 945600
623, 940820
624, 963840
625, 961530
626, 954550
627, 946900
628, 956810
629, 953330
630, 966560
631, 974680
632, 961890
633, 1543330
634, 1044180
635, 976650
636, 976010
637, 983030
638, 985270
639, 985520
640, 1086650
641, 997830
642, 1001730
643, 1006190
644, 1018920
645, 1000910
646, 1012560
647, 1015540
648, 1012630
649, 1020590
650, 1027690
651, 1028160
652, 1032860
653, 1058120
654, 1064650
655, 1068440
656, 1077890
657, 1070970
658, 1076390
659, 1094790
660, 1079230
661, 1094360
662, 1097420
663, 1102010
664, 1121990
665, 1122080
666, 1111280
667, 1121530
668, 1111410
669, 1106270
670, 1102450
671, 1103970
672, 1100700
673, 1099680
674, 1094100
675, 1110800
676, 1111650
677, 1102970
678, 1121130
679, 1119780
680, 1116880
681, 1130390
682, 1123950
683, 1132970
684, 1145130
685, 1149790
686, 1153120
687, 1158590
688, 1151140
689, 1148840
690, 1148930
691, 1222250
692, 1181720
693, 1157480
694, 1164520
695, 1167660
696, 1176850
697, 1180380
698, 1175420
699, 1182380
700, 1187350
701, 1226260
702, 1192540
703, 1191840
704, 1216050
705, 1220990
706, 1231170
707, 1215730
708, 1250460
709, 1221500
710, 1219410
711, 1230370
712, 1232790
713, 1231030
714, 1237020
715, 1242500
716, 1251410
717, 1250960
718, 1246350
719, 1256830
720, 1257280
721, 1262720
722, 1261990
723, 1266240
724, 1274040
725, 1365870
726, 1300010
727, 1285700
728, 1276480
729, 1294520
730, 1352480
731, 1341970
732, 1298300
733, 1308140
734, 1320460
735, 1314620
736, 1314360
737, 1310130
738, 1503810
739, 1394970
740, 1397820
741, 1401850
742, 1459940
743, 1415130
744, 1413270
745, 1408650
746, 1427390
747, 1429540
748, 1424420
749, 1432460
750, 1451020
751, 1441570
752, 1447590
753, 1445740
754, 1461250
755, 1455760
756, 1454070
757, 1463700
758, 1458330
759, 1464010
760, 1478330
761, 1477480
762, 1481980
763, 1486470
764, 1487740
765, 1492100
766, 1493510
767, 1454570
768, 1467600
769, 1455640
770, 1443890
771, 1453260
772, 1447190
773, 1449690
774, 1452050
775, 1463880
776, 1494040
777, 1494640
778, 1481830
779, 1491500
780, 1477490
781, 1477530
782, 1482660
783, 1486660
784, 1507240
785, 1655640
786, 1673290
787, 2006540
788, 1492870
789, 1499030
790, 1504700
791, 1512820
792, 1629420
793, 1550310
794, 1528700
795, 1522630
796, 1553320
797, 1532090
798, 1541800
799, 1565020
800, 1546770
801, 1546240
802, 1552310
803, 1606560
804, 1558120
805, 1560020
806, 1572210
807, 1572710
808, 1575780
809, 1580080
810, 1605260
811, 1587780
812, 1592590
813, 1592280
814, 1598710
815, 1604890
816, 1618480
817, 1610580
818, 1615640
819, 1618020
820, 1803970
821, 1649260
822, 1631840
823, 1629810
824, 1641900
825, 1645760
826, 1651710
827, 1648440
828, 1652050
829, 1656660
830, 1691710
831, 1666760
832, 1864450
833, 1821510
834, 1680540
835, 1684120
836, 1691250
837, 1691680
838, 1701880
839, 1736010
840, 1703140
841, 1723400
842, 1715190
843, 1712150
844, 1723930
845, 1722920
846, 1724840
847, 1732640
848, 1742410
849, 1743640
850, 1744930
851, 1741360
852, 1754350
853, 1756860
854, 1760900
855, 1759590
856, 1776200
857, 1777210
858, 1797400
859, 1779560
860, 1780080
861, 1792230
862, 1797570
863, 1794240
864, 1818510
865, 1865430
866, 1834400
867, 1823170
868, 1827270
869, 1819990
870, 1884040
871, 1864010
872, 1833890
873, 1847190
874, 1844010
875, 1846010
876, 1860060
877, 1866930
878, 1859850
879, 1875580
880, 1871190
881, 1880580
882, 1878770
883, 1883160
884, 1889600
885, 1894860
886, 1895620
887, 1897340
888, 1900240
889, 1933650
890, 1952580
891, 1965480
892, 1969340
893, 1956320
894, 1938710
895, 1944970
896, 1958130
897, 1973050
898, 1958000
899, 1965100
900, 1950940
901, 1976650
902, 1968620
903, 1968880
904, 1972530
905, 1976380
906, 1988510
907, 1997780
908, 1981710
909, 2002720
910, 2001460
911, 1996130
912, 2017950
913, 2017440
914, 2012420
915, 2023650
916, 2021310
917, 2053190
918, 2046630
919, 2040860
920, 2054050
921, 2041550
922, 2056230
923, 2057090
924, 2069780
925, 2108170
926, 2096990
927, 2093300
928, 2094000
929, 2092890
930, 2103670
931, 2094730
932, 2109620
933, 2125950
934, 2112930
935, 2108250
936, 2109250
937, 2125760
938, 2128050
939, 2122380
940, 2140810
941, 2174300
942, 2162490
943, 2147050
944, 2144910
945, 2170180
946, 2157330
947, 2175530
948, 2171730
949, 2185720
950, 2223600
951, 2213010
952, 2287920
953, 2202390
954, 2224110
955, 2235470
956, 2237050
957, 2219100
958, 2212300
959, 2237500
960, 2237730
961, 2235620
962, 2235410
963, 2332990
964, 2297970
965, 2300510
966, 2535310
967, 2392910
968, 2402760
969, 2378550
970, 2703870
971, 2495370
972, 2427390
973, 2475830
974, 2439380
975, 2690100
976, 2817430
977, 2443800
978, 2531360
979, 2621930
980, 2517640
981, 2643810
982, 2497910
983, 2476930
984, 2511910
985, 3338280
986, 3216430
987, 2989910
988, 2936660
989, 3389050
990, 2698030
991, 2831990
992, 2670050
993, 2823980
994, 2874110
995, 2716010
996, 2993250
997, 2610910
998, 2530360
999, 2461180
